--User data
    --Admin data
INSERT INTO user (ENABLED, FIRST_NAME, LAST_NAME, PASSWORD, USERNAME, CREATE_USER_USERNAME, CREATE_DATE, BIRTH_DAY, NOTIFICATION, NOTIFICATION_CATEGORY) VALUES(TRUE, 'Admin', 'Istrator', '$2a$10$0fzFCfocPwei8eeWalkFpOe0RCg8gDYt3L1..bAwVjnL3qgKq2cMm', 'admin', 'admin', '2016-01-01 00:00:00','1950-06-22 00:00:00', TRUE, 'Nie')
INSERT INTO user_user_role(USER_USERNAME, ROLES) VALUES ('admin', 'ADMIN')

INSERT INTO user(ENABLED, FIRST_NAME, LAST_NAME, PASSWORD, USERNAME, EMAIL, PHONE, CREATE_USER_USERNAME, CREATE_DATE, BIRTH_DAY, NOTIFICATION, NOTIFICATION_CATEGORY) VALUES(TRUE, 'Daniel', 'Dresdner', '$2a$10$0fzFCfocPwei8eeWalkFpOe0RCg8gDYt3L1..bAwVjnL3qgKq2cMm', 'user1', 'DanielDresdner@mail.at', '+43 681 6168201', 'admin', '2020-01-01 00:00:00','1950-06-22 00:00:00', TRUE, 'Nie')
INSERT INTO user_user_role(USER_USERNAME, ROLES) VALUES ('user1', 'ADMIN')

INSERT INTO user(ENABLED, FIRST_NAME, LAST_NAME, PASSWORD, USERNAME, EMAIL, PHONE, CREATE_USER_USERNAME, CREATE_DATE, BIRTH_DAY, NOTIFICATION, NOTIFICATION_CATEGORY) VALUES(TRUE, 'Marie', 'Kalb', '$2a$10$0fzFCfocPwei8eeWalkFpOe0RCg8gDYt3L1..bAwVjnL3qgKq2cMm', 'user2', 'MarieKalb@mail.at', '+43 688 1763895', 'admin', '2020-01-01 00:00:00','1961-12-11 00:00:00', TRUE, 'Nie')
INSERT INTO user_user_role(USER_USERNAME, ROLES) VALUES ('user2', 'ADMIN')

INSERT INTO user(ENABLED, FIRST_NAME, LAST_NAME, PASSWORD, USERNAME, EMAIL, PHONE, CREATE_USER_USERNAME, CREATE_DATE, BIRTH_DAY, NOTIFICATION, NOTIFICATION_CATEGORY) VALUES(TRUE, 'Felix', 'Schroeder', '$2a$10$0fzFCfocPwei8eeWalkFpOe0RCg8gDYt3L1..bAwVjnL3qgKq2cMm', 'user3', 'FelixSchroeder@mail.at', '+43 664 2092029', 'admin', '2020-01-01 00:00:00','1976-06-22 00:00:00', TRUE,'Nie')
INSERT INTO user_user_role(USER_USERNAME, ROLES) VALUES ('user3', 'ADMIN')

--Miniserver data
INSERT INTO miniserver (MINISERVER_ID, IPADDRESS, CREATE_USER_USERNAME, CREATE_DATE, ENABLED) VALUES ('1', '138.232.17.110', 'admin', '2020-01-01 00:00:00', TRUE)

INSERT INTO miniserver (MINISERVER_ID, IPADDRESS, CREATE_USER_USERNAME, CREATE_DATE, ENABLED) VALUES ('2', '151.101.1.69', 'admin', '2020-01-01 00:00:00', TRUE)

INSERT INTO miniserver (MINISERVER_ID, IPADDRESS, CREATE_USER_USERNAME, CREATE_DATE, ENABLED) VALUES ('3', '172.217.23.99', 'admin', '2020-01-01 00:00:00', TRUE)

INSERT INTO miniserver (MINISERVER_ID, IPADDRESS, CREATE_USER_USERNAME, CREATE_DATE, ENABLED) VALUES ('4', '208.80.152.201', 'admin', '2020-01-01 00:00:00', TRUE)

INSERT INTO miniserver (MINISERVER_ID, IPADDRESS, CREATE_USER_USERNAME, CREATE_DATE, ENABLED) VALUES ('5', '72.247.244.88', 'admin', '2020-01-01 00:00:00', TRUE)


--TimeFlip data
INSERT INTO time_flip (TIME_FLIP_ID, MAC_ADDRESS, CREATE_USER_USERNAME, CREATE_DATE, ENABLED) VALUES ('1', '5E-4A-8A-A5-F4-E8', 'admin', '2020-01-01 00:00:00', TRUE)

INSERT INTO time_flip (TIME_FLIP_ID, MAC_ADDRESS, CREATE_USER_USERNAME, CREATE_DATE, ENABLED) VALUES ('2', '28-B1-2E-AB-3F-63', 'admin', '2020-01-01 00:00:00', TRUE)

INSERT INTO time_flip (TIME_FLIP_ID, MAC_ADDRESS, CREATE_USER_USERNAME, CREATE_DATE, ENABLED) VALUES ('3', '71-AB-FB-87-C0-05', 'admin', '2020-01-01 00:00:00', TRUE)

INSERT INTO time_flip (TIME_FLIP_ID, MAC_ADDRESS, CREATE_USER_USERNAME, CREATE_DATE, ENABLED) VALUES ('4', '52-D1-13-7C-50-C9', 'admin', '2020-01-01 00:00:00', TRUE)

INSERT INTO time_flip (TIME_FLIP_ID, MAC_ADDRESS, CREATE_USER_USERNAME, CREATE_DATE, ENABLED) VALUES ('5', 'DA-7B-0A-F9-BC-D1', 'admin', '2020-01-01 00:00:00', TRUE)

INSERT INTO time_flip (TIME_FLIP_ID, MAC_ADDRESS, CREATE_USER_USERNAME, CREATE_DATE, ENABLED) VALUES ('6', '8A-48-80-1E-F3-EB', 'admin', '2020-01-01 00:00:00', TRUE)

INSERT INTO time_flip (TIME_FLIP_ID, MAC_ADDRESS, CREATE_USER_USERNAME, CREATE_DATE, ENABLED) VALUES ('7', '63-C4-61-8D-11-E0', 'admin', '2020-01-01 00:00:00', TRUE)

INSERT INTO time_flip (TIME_FLIP_ID, MAC_ADDRESS, CREATE_USER_USERNAME, CREATE_DATE, ENABLED) VALUES ('8', '25-8E-A0-5C-B8-34', 'admin', '2020-01-01 00:00:00', TRUE)

INSERT INTO time_flip (TIME_FLIP_ID, MAC_ADDRESS, CREATE_USER_USERNAME, CREATE_DATE, ENABLED) VALUES ('9', '72-01-42-82-4C-D5', 'admin', '2020-01-01 00:00:00', TRUE)

INSERT INTO time_flip (TIME_FLIP_ID, MAC_ADDRESS, CREATE_USER_USERNAME, CREATE_DATE, ENABLED) VALUES ('10', '60-3F-3F-34-A5-00', 'admin', '2020-01-01 00:00:00', TRUE)

INSERT INTO time_flip (TIME_FLIP_ID, MAC_ADDRESS, CREATE_USER_USERNAME, CREATE_DATE, ENABLED) VALUES ('11', 'E0-77-84-67-69-94', 'admin', '2020-01-01 00:00:00', TRUE)

INSERT INTO time_flip (TIME_FLIP_ID, MAC_ADDRESS, CREATE_USER_USERNAME, CREATE_DATE, ENABLED) VALUES ('12', '52-C5-03-AA-10-D9', 'admin', '2020-01-01 00:00:00', TRUE)

INSERT INTO time_flip (TIME_FLIP_ID, MAC_ADDRESS, CREATE_USER_USERNAME, CREATE_DATE, ENABLED) VALUES ('13', '80-58-19-4E-4C-8D', 'admin', '2020-01-01 00:00:00', TRUE)

INSERT INTO time_flip (TIME_FLIP_ID, MAC_ADDRESS, CREATE_USER_USERNAME, CREATE_DATE, ENABLED) VALUES ('14', '0A-D8-C7-F4-56-62', 'admin', '2020-01-01 00:00:00', TRUE)

INSERT INTO time_flip (TIME_FLIP_ID, MAC_ADDRESS, CREATE_USER_USERNAME, CREATE_DATE, ENABLED) VALUES ('15', '1D-63-30-F8-E7-4D', 'admin', '2020-01-01 00:00:00', TRUE)

INSERT INTO time_flip (TIME_FLIP_ID, MAC_ADDRESS, CREATE_USER_USERNAME, CREATE_DATE, ENABLED) VALUES ('16', '99-BF-83-F6-C8-9E', 'admin', '2020-01-01 00:00:00', TRUE)

INSERT INTO time_flip (TIME_FLIP_ID, MAC_ADDRESS, CREATE_USER_USERNAME, CREATE_DATE, ENABLED) VALUES ('17', '54-56-BB-AA-12-24', 'admin', '2020-01-01 00:00:00', TRUE)

INSERT INTO time_flip (TIME_FLIP_ID, MAC_ADDRESS, CREATE_USER_USERNAME, CREATE_DATE, ENABLED) VALUES ('18', '23-3E-D4-52-67-ED', 'admin', '2020-01-01 00:00:00', TRUE)

INSERT INTO time_flip (TIME_FLIP_ID, MAC_ADDRESS, CREATE_USER_USERNAME, CREATE_DATE, ENABLED) VALUES ('19', '6F-C3-4C-03-5D-55', 'admin', '2020-01-01 00:00:00', TRUE)

INSERT INTO time_flip (TIME_FLIP_ID, MAC_ADDRESS, CREATE_USER_USERNAME, CREATE_DATE, ENABLED) VALUES ('20', '43-34-4D-F0-3F-42', 'admin', '2020-01-01 00:00:00', TRUE)


--Room data
INSERT INTO room (ROOM_ID, CREATE_USER_USERNAME, CREATE_DATE, ENABLED, MINISERVER_ID) VAlUES ('1', 'admin', '2020-01-01 00:00:00', TRUE, '1')
INSERT INTO room (ROOM_ID, CREATE_USER_USERNAME, CREATE_DATE, ENABLED, MINISERVER_ID) VAlUES ('2', 'admin', '2020-01-01 00:00:00', TRUE, '2')
INSERT INTO room (ROOM_ID, CREATE_USER_USERNAME, CREATE_DATE, ENABLED, MINISERVER_ID) VAlUES ('3', 'admin', '2020-01-01 00:00:00', TRUE, '3')
INSERT INTO room (ROOM_ID, CREATE_USER_USERNAME, CREATE_DATE, ENABLED, MINISERVER_ID) VAlUES ('4', 'admin', '2020-01-01 00:00:00', TRUE, '4')
INSERT INTO room (ROOM_ID, CREATE_USER_USERNAME, CREATE_DATE, ENABLED, MINISERVER_ID) VAlUES ('5', 'admin', '2020-01-01 00:00:00', TRUE, '5')


    --Department_Manager
INSERT INTO user(ENABLED, FIRST_NAME, LAST_NAME, PASSWORD, USERNAME, EMAIL, PHONE, CREATE_USER_USERNAME, CREATE_DATE, BIRTH_DAY, NOTIFICATION, NOTIFICATION_CATEGORY) VALUES(TRUE, 'Tanja', 'Schreiner', '$2a$10$0fzFCfocPwei8eeWalkFpOe0RCg8gDYt3L1..bAwVjnL3qgKq2cMm', 'user003', 'TanjaSchreiner@mail.at', '+43 688 6816624', 'admin', '2020-01-01 00:00:00','1978-12-25 00:00:00', TRUE, 'Nie')
INSERT INTO user_user_role(USER_USERNAME, ROLES) VALUES ('user003', 'DEPARTMENT_MANAGER')

INSERT INTO user(ENABLED, FIRST_NAME, LAST_NAME, PASSWORD, USERNAME, EMAIL, PHONE, CREATE_USER_USERNAME, CREATE_DATE, BIRTH_DAY, NOTIFICATION, NOTIFICATION_CATEGORY) VALUES(TRUE, 'Frank', 'Schwarz', '$2a$10$0fzFCfocPwei8eeWalkFpOe0RCg8gDYt3L1..bAwVjnL3qgKq2cMm', 'user004', 'FrankSchwarz@mail.at', '+43 688 6135082', 'admin', '2020-01-01 00:00:00','1982-07-22 00:00:00', TRUE, 'Nie')
INSERT INTO user_user_role(USER_USERNAME, ROLES) VALUES ('user004', 'DEPARTMENT_MANAGER')

INSERT INTO user(ENABLED, FIRST_NAME, LAST_NAME, PASSWORD, USERNAME, EMAIL, PHONE, CREATE_USER_USERNAME, CREATE_DATE, BIRTH_DAY, NOTIFICATION, NOTIFICATION_CATEGORY) VALUES(TRUE, 'Dennis', 'Kappel', '$2a$10$0fzFCfocPwei8eeWalkFpOe0RCg8gDYt3L1..bAwVjnL3qgKq2cMm', 'user005', 'DennisKappel@mail.at', '+43 660 3138174', 'admin', '2020-01-01 00:00:00','1957-06-14 00:00:00', TRUE, 'Nie')
INSERT INTO user_user_role(USER_USERNAME, ROLES) VALUES ('user005', 'DEPARTMENT_MANAGER')

INSERT INTO user(ENABLED, FIRST_NAME, LAST_NAME, PASSWORD, USERNAME, EMAIL, PHONE, CREATE_USER_USERNAME, CREATE_DATE, BIRTH_DAY, NOTIFICATION, NOTIFICATION_CATEGORY) VALUES(TRUE, 'Katrin', 'Baer', '$2a$10$0fzFCfocPwei8eeWalkFpOe0RCg8gDYt3L1..bAwVjnL3qgKq2cMm', 'user006', 'KatrinBaer@mail.at', '+43 680 7655550', 'admin', '2020-01-01 00:00:00','1963-02-02 00:00:00', TRUE, 'Nie')
INSERT INTO user_user_role(USER_USERNAME, ROLES) VALUES ('user006', 'DEPARTMENT_MANAGER')

INSERT INTO user(ENABLED, FIRST_NAME, LAST_NAME, PASSWORD, USERNAME, EMAIL, PHONE, CREATE_USER_USERNAME, CREATE_DATE, BIRTH_DAY, NOTIFICATION, NOTIFICATION_CATEGORY) VALUES(TRUE, 'Jennifer', 'Drescher', '$2a$10$0fzFCfocPwei8eeWalkFpOe0RCg8gDYt3L1..bAwVjnL3qgKq2cMm', 'user007', 'JenniferDrescher@mail.at', '+43 664 6125949', 'admin', '2020-01-01 00:00:00','1982-05-15 00:00:00', TRUE, 'Nie')
INSERT INTO user_user_role(USER_USERNAME, ROLES) VALUES ('user007', 'DEPARTMENT_MANAGER')

INSERT INTO user(ENABLED, FIRST_NAME, LAST_NAME, PASSWORD, USERNAME, EMAIL, PHONE, CREATE_USER_USERNAME, CREATE_DATE, BIRTH_DAY, NOTIFICATION, NOTIFICATION_CATEGORY) VALUES(TRUE, 'Laura', 'Dietrich', '$2a$10$0fzFCfocPwei8eeWalkFpOe0RCg8gDYt3L1..bAwVjnL3qgKq2cMm', 'user008', 'LauraDietrich@mail.at', '+43 660 3386221', 'admin', '2020-01-01 00:00:00','1990-07-11 00:00:00', TRUE, 'Nie')
INSERT INTO user_user_role(USER_USERNAME, ROLES) VALUES ('user008', 'DEPARTMENT_MANAGER')

INSERT INTO user(ENABLED, FIRST_NAME, LAST_NAME, PASSWORD, USERNAME, EMAIL, PHONE, CREATE_USER_USERNAME, CREATE_DATE, BIRTH_DAY, NOTIFICATION, NOTIFICATION_CATEGORY) VALUES(TRUE, 'Marcel', 'Feierabend', '$2a$10$0fzFCfocPwei8eeWalkFpOe0RCg8gDYt3L1..bAwVjnL3qgKq2cMm', 'user009', 'MarcelFeierabend@mail.at', '+43 688 6788048', 'admin', '2020-01-01 00:00:00','1994-05-26 00:00:00', TRUE, 'Nie')
INSERT INTO user_user_role(USER_USERNAME, ROLES) VALUES ('user009', 'DEPARTMENT_MANAGER')

INSERT INTO user(ENABLED, FIRST_NAME, LAST_NAME, PASSWORD, USERNAME, EMAIL, PHONE, CREATE_USER_USERNAME, CREATE_DATE, BIRTH_DAY, NOTIFICATION, NOTIFICATION_CATEGORY) VALUES(TRUE, 'Andreas', 'Schweitzer', '$2a$10$0fzFCfocPwei8eeWalkFpOe0RCg8gDYt3L1..bAwVjnL3qgKq2cMm', 'user010', 'AndreasSchweitzer@mail.at', '+43 660 1868911', 'admin', '2020-01-01 00:00:00','1965-02-04 00:00:00', TRUE, 'Nie')
INSERT INTO user_user_role(USER_USERNAME, ROLES) VALUES ('user010', 'DEPARTMENT_MANAGER')

--Department data
INSERT INTO department (DEPARTMENT_NAME, DEPARTMENT_MANAGER_USERNAME,CREATE_USER_USERNAME, CREATE_DATE, ENABLED) VALUES ('1', 'user003', 'admin', '2020-01-01 00:00:00', TRUE)
INSERT INTO department (DEPARTMENT_NAME, DEPARTMENT_MANAGER_USERNAME,CREATE_USER_USERNAME, CREATE_DATE, ENABLED) VALUES ('2', 'user004', 'admin', '2020-01-01 00:00:00', TRUE)
INSERT INTO department (DEPARTMENT_NAME, DEPARTMENT_MANAGER_USERNAME,CREATE_USER_USERNAME, CREATE_DATE, ENABLED) VALUES ('3', 'user005', 'admin', '2020-01-01 00:00:00', TRUE)
INSERT INTO department (DEPARTMENT_NAME, DEPARTMENT_MANAGER_USERNAME,CREATE_USER_USERNAME, CREATE_DATE, ENABLED) VALUES ('4', 'user006', 'admin', '2020-01-01 00:00:00', TRUE)
INSERT INTO department (DEPARTMENT_NAME, DEPARTMENT_MANAGER_USERNAME,CREATE_USER_USERNAME, CREATE_DATE, ENABLED) VALUES ('5', 'user007', 'admin', '2020-01-01 00:00:00', TRUE)



    --Team_Leader
INSERT INTO user(ENABLED, FIRST_NAME, LAST_NAME, PASSWORD, USERNAME, EMAIL, PHONE, CREATE_USER_USERNAME, CREATE_DATE, BIRTH_DAY, NOTIFICATION, NOTIFICATION_CATEGORY) VALUES(TRUE, 'Anne', 'Becker', '$2a$10$0fzFCfocPwei8eeWalkFpOe0RCg8gDYt3L1..bAwVjnL3qgKq2cMm', 'user018', 'AnneBecker@mail.at', '+43 664 9994096', 'admin', '2020-01-01 00:00:00','1965-02-19 00:00:00', TRUE, 'Nie')
INSERT INTO user_user_role(USER_USERNAME, ROLES) VALUES ('user018', 'TEAM_LEADER')


INSERT INTO user(ENABLED, FIRST_NAME, LAST_NAME, PASSWORD, USERNAME, EMAIL, PHONE, CREATE_USER_USERNAME, CREATE_DATE, BIRTH_DAY, NOTIFICATION, NOTIFICATION_CATEGORY) VALUES(TRUE, 'Monika', 'Freud', '$2a$10$0fzFCfocPwei8eeWalkFpOe0RCg8gDYt3L1..bAwVjnL3qgKq2cMm', 'user019', 'MonikaFreud@mail.at', '+43 681 7194419', 'admin', '2020-01-01 00:00:00','1967-01-24 00:00:00', TRUE, 'Nie')
INSERT INTO user_user_role(USER_USERNAME, ROLES) VALUES ('user019', 'TEAM_LEADER')

INSERT INTO user (ENABLED, FIRST_NAME, LAST_NAME, PASSWORD, USERNAME, EMAIL, PHONE, CREATE_USER_USERNAME, CREATE_DATE, BIRTH_DAY, NOTIFICATION, NOTIFICATION_CATEGORY) VALUES(TRUE, 'Tobias', 'Kohler', '$2a$10$0fzFCfocPwei8eeWalkFpOe0RCg8gDYt3L1..bAwVjnL3qgKq2cMm', 'user020', 'TobiasKoehler@mail.at', '+43 660 3399480', 'admin', '2020-01-01 00:00:00','1977-06-19 00:00:00', TRUE, 'Nie')
INSERT INTO user_user_role (USER_USERNAME, ROLES) VALUES ('user020', 'TEAM_LEADER')

INSERT INTO user(ENABLED, FIRST_NAME, LAST_NAME, PASSWORD, USERNAME, EMAIL, PHONE, CREATE_USER_USERNAME, CREATE_DATE, BIRTH_DAY, NOTIFICATION, NOTIFICATION_CATEGORY) VALUES(TRUE, 'Karolin', 'Peters', '$2a$10$0fzFCfocPwei8eeWalkFpOe0RCg8gDYt3L1..bAwVjnL3qgKq2cMm', 'user021', 'KarolinPeters@mail.at', '+43 688 2835470', 'admin', '2020-01-01 00:00:00','1989-10-20 00:00:00', TRUE, 'Nie')
INSERT INTO user_user_role(USER_USERNAME, ROLES) VALUES ('user021', 'TEAM_LEADER')

INSERT INTO user(ENABLED, FIRST_NAME, LAST_NAME, PASSWORD, USERNAME, EMAIL, PHONE, CREATE_USER_USERNAME, CREATE_DATE, BIRTH_DAY, NOTIFICATION, NOTIFICATION_CATEGORY) VALUES(TRUE, 'Torsten', 'Grunwald', '$2a$10$0fzFCfocPwei8eeWalkFpOe0RCg8gDYt3L1..bAwVjnL3qgKq2cMm', 'user022', 'TorstenGrunwald@mail.at', '+43 650 2457354', 'admin', '2020-01-01 00:00:00','1960-08-18 00:00:00', TRUE, 'Nie')
INSERT INTO user_user_role(USER_USERNAME, ROLES) VALUES ('user022', 'TEAM_LEADER')

INSERT INTO user(ENABLED, FIRST_NAME, LAST_NAME, PASSWORD, USERNAME, EMAIL, PHONE, CREATE_USER_USERNAME, CREATE_DATE, BIRTH_DAY, NOTIFICATION, NOTIFICATION_CATEGORY) VALUES(TRUE, 'Melanie', 'Dresner', '$2a$10$0fzFCfocPwei8eeWalkFpOe0RCg8gDYt3L1..bAwVjnL3qgKq2cMm', 'user023', 'MelanieDresner@mail.at', '+43 664 9189271', 'admin', '2020-01-01 00:00:00','1972-02-21 00:00:00', TRUE, 'Nie')
INSERT INTO user_user_role(USER_USERNAME, ROLES) VALUES ('user023', 'TEAM_LEADER')

INSERT INTO user(ENABLED, FIRST_NAME, LAST_NAME, PASSWORD, USERNAME, EMAIL, PHONE, CREATE_USER_USERNAME, CREATE_DATE, BIRTH_DAY, NOTIFICATION, NOTIFICATION_CATEGORY) VALUES(TRUE, 'Andreas', 'Ostermann', '$2a$10$0fzFCfocPwei8eeWalkFpOe0RCg8gDYt3L1..bAwVjnL3qgKq2cMm', 'user024', 'AndreasOstermann@mail.at', '+43 676 7767429', 'admin', '2020-01-01 00:00:00','1980-08-23 00:00:00', TRUE, 'Nie')
INSERT INTO user_user_role(USER_USERNAME, ROLES) VALUES ('user024', 'TEAM_LEADER')

INSERT INTO user(ENABLED, FIRST_NAME, LAST_NAME, PASSWORD, USERNAME, EMAIL, PHONE, CREATE_USER_USERNAME, CREATE_DATE, BIRTH_DAY, NOTIFICATION, NOTIFICATION_CATEGORY) VALUES(TRUE, 'Lea', 'Wurfel', '$2a$10$0fzFCfocPwei8eeWalkFpOe0RCg8gDYt3L1..bAwVjnL3qgKq2cMm', 'user025', 'LeaWurfel@mail.at', '+43 680 7672464', 'admin', '2020-01-01 00:00:00','1995-03-09 00:00:00', TRUE, 'Nie')
INSERT INTO user_user_role(USER_USERNAME, ROLES) VALUES ('user025', 'TEAM_LEADER')

INSERT INTO user(ENABLED, FIRST_NAME, LAST_NAME, PASSWORD, USERNAME, EMAIL, PHONE, CREATE_USER_USERNAME, CREATE_DATE, BIRTH_DAY, NOTIFICATION, NOTIFICATION_CATEGORY) VALUES(TRUE, 'Eric', 'Reiniger', '$2a$10$0fzFCfocPwei8eeWalkFpOe0RCg8gDYt3L1..bAwVjnL3qgKq2cMm', 'user026', 'EricReiniger@mail.at', '+43 676 3061657', 'admin', '2020-01-01 00:00:00','2000-05-09 00:00:00', TRUE, 'Nie')
INSERT INTO user_user_role(USER_USERNAME, ROLES) VALUES ('user026', 'TEAM_LEADER')

INSERT INTO user(ENABLED, FIRST_NAME, LAST_NAME, PASSWORD, USERNAME, EMAIL, PHONE, CREATE_USER_USERNAME, CREATE_DATE, BIRTH_DAY, NOTIFICATION, NOTIFICATION_CATEGORY) VALUES(TRUE, 'Robert', 'Mauer', '$2a$10$0fzFCfocPwei8eeWalkFpOe0RCg8gDYt3L1..bAwVjnL3qgKq2cMm', 'user027', 'RobertMauer@mail.at', '+43 650 4276117', 'admin', '2020-01-01 00:00:00','1955-11-25 00:00:00', TRUE, 'Nie')
INSERT INTO user_user_role(USER_USERNAME, ROLES) VALUES ('user027', 'TEAM_LEADER')

INSERT INTO user(ENABLED, FIRST_NAME, LAST_NAME, PASSWORD, USERNAME, EMAIL, PHONE, CREATE_USER_USERNAME, CREATE_DATE, BIRTH_DAY, NOTIFICATION, NOTIFICATION_CATEGORY) VALUES(TRUE, 'Melanie', 'Dresner', '$2a$10$0fzFCfocPwei8eeWalkFpOe0RCg8gDYt3L1..bAwVjnL3qgKq2cMm', 'user028', 'MelanieDresner@mail.at', '+43 664 9189271', 'admin', '2020-01-01 00:00:00','1985-09-30 00:00:00', TRUE, 'Nie')
INSERT INTO user_user_role(USER_USERNAME, ROLES) VALUES ('user028', 'TEAM_LEADER')

INSERT INTO user(ENABLED, FIRST_NAME, LAST_NAME, PASSWORD, USERNAME, EMAIL, PHONE, CREATE_USER_USERNAME, CREATE_DATE, BIRTH_DAY, NOTIFICATION, NOTIFICATION_CATEGORY) VALUES(TRUE, 'Daniel', 'Schulz', '$2a$10$0fzFCfocPwei8eeWalkFpOe0RCg8gDYt3L1..bAwVjnL3qgKq2cMm', 'user029', 'DanielSchulz@mail.at', '+43 676 1475777', 'admin', '2020-01-01 00:00:00','1986-08-08 00:00:00', TRUE, 'Nie')
INSERT INTO user_user_role(USER_USERNAME, ROLES) VALUES ('user029', 'TEAM_LEADER')

INSERT INTO user(ENABLED, FIRST_NAME, LAST_NAME, PASSWORD, USERNAME, EMAIL, PHONE, CREATE_USER_USERNAME, CREATE_DATE, BIRTH_DAY, NOTIFICATION, NOTIFICATION_CATEGORY, ROOM_ROOM_ID) VALUES(TRUE, 'Melanie', 'Dresner', '$2a$10$0fzFCfocPwei8eeWalkFpOe0RCg8gDYt3L1..bAwVjnL3qgKq2cMm', 'user030', 'MelanieDresner@mail.at', '+43 664 9189271', 'admin', '2020-01-01 00:00:00','1988-01-17 00:00:00', TRUE, 'Nie', '1')
INSERT INTO user_user_role(USER_USERNAME, ROLES) VALUES ('user030', 'TEAM_LEADER')

INSERT INTO user(ENABLED, FIRST_NAME, LAST_NAME, PASSWORD, USERNAME, EMAIL, PHONE, CREATE_USER_USERNAME, CREATE_DATE, BIRTH_DAY, NOTIFICATION, NOTIFICATION_CATEGORY, ROOM_ROOM_ID) VALUES(TRUE, 'Mario', 'Schmitt', '$2a$10$0fzFCfocPwei8eeWalkFpOe0RCg8gDYt3L1..bAwVjnL3qgKq2cMm', 'user031', 'MarioSchmitt@mail.at', '+43 676 4157526', 'admin', '2020-01-01 00:00:00','1995-08-14 00:00:00', TRUE, 'Nie', '2')
INSERT INTO user_user_role(USER_USERNAME, ROLES) VALUES ('user031', 'TEAM_LEADER')

INSERT INTO user(ENABLED, FIRST_NAME, LAST_NAME, PASSWORD, USERNAME, EMAIL, PHONE, CREATE_USER_USERNAME, CREATE_DATE, BIRTH_DAY, NOTIFICATION, NOTIFICATION_CATEGORY, ROOM_ROOM_ID) VALUES(TRUE, 'Uwe', 'Busch', '$2a$10$0fzFCfocPwei8eeWalkFpOe0RCg8gDYt3L1..bAwVjnL3qgKq2cMm', 'user032', 'UweBusch@mail.at', '+43 699 7403023', 'admin', '2020-01-01 00:00:00','1957-06-15 00:00:00', TRUE, 'Nie', '3')
INSERT INTO user_user_role(USER_USERNAME, ROLES) VALUES ('user032', 'TEAM_LEADER')

INSERT INTO user(ENABLED, FIRST_NAME, LAST_NAME, PASSWORD, USERNAME, EMAIL, PHONE, CREATE_USER_USERNAME, CREATE_DATE, BIRTH_DAY, NOTIFICATION, NOTIFICATION_CATEGORY, ROOM_ROOM_ID) VALUES(TRUE, 'Dieter', 'Herzog', '$2a$10$0fzFCfocPwei8eeWalkFpOe0RCg8gDYt3L1..bAwVjnL3qgKq2cMm', 'user033', 'DieterHerzog@mail.at', '+43 650 5885133', 'admin', '2020-01-01 00:00:00','1958-05-19 00:00:00', TRUE, 'Nie', '4')
INSERT INTO user_user_role(USER_USERNAME, ROLES) VALUES ('user033', 'TEAM_LEADER')

INSERT INTO user(ENABLED, FIRST_NAME, LAST_NAME, PASSWORD, USERNAME, EMAIL, PHONE, CREATE_USER_USERNAME, CREATE_DATE, BIRTH_DAY, NOTIFICATION, NOTIFICATION_CATEGORY, ROOM_ROOM_ID) VALUES(TRUE, 'Diana', 'Kaufmann', '$2a$10$0fzFCfocPwei8eeWalkFpOe0RCg8gDYt3L1..bAwVjnL3qgKq2cMm', 'user034', 'DianaKaufmann@mail.at', '+43 688 8955098', 'admin', '2020-01-01 00:00:00','1966-05-18 00:00:00', TRUE, 'Nie', '5')
INSERT INTO user_user_role(USER_USERNAME, ROLES) VALUES ('user034', 'TEAM_LEADER')

INSERT INTO user(ENABLED, FIRST_NAME, LAST_NAME, PASSWORD, USERNAME, EMAIL, PHONE, CREATE_USER_USERNAME, CREATE_DATE, BIRTH_DAY, NOTIFICATION, NOTIFICATION_CATEGORY) VALUES(TRUE, 'Ralph', 'Bumgarner', '$2a$10$0fzFCfocPwei8eeWalkFpOe0RCg8gDYt3L1..bAwVjnL3qgKq2cMm', 'user035', 'RalphBumgarner@mail.at', '+43 681 1061223', 'admin', '2020-01-01 00:00:00','1979-05-26 00:00:00', TRUE, 'Nie')
INSERT INTO user_user_role(USER_USERNAME, ROLES) VALUES ('user035', 'TEAM_LEADER')

INSERT INTO user (ENABLED, FIRST_NAME, LAST_NAME, PASSWORD, USERNAME, EMAIL, PHONE, CREATE_USER_USERNAME, CREATE_DATE, BIRTH_DAY, NOTIFICATION, NOTIFICATION_CATEGORY) VALUES(TRUE, 'Andreas', 'Schroder', '$2a$10$0fzFCfocPwei8eeWalkFpOe0RCg8gDYt3L1..bAwVjnL3qgKq2cMm', 'user036', 'AndreasSchroeder@mail.at', '+43 660 8580126', 'admin', '2020-01-01 00:00:00','1992-09-24 00:00:00', TRUE, 'Nie')
INSERT INTO user_user_role (USER_USERNAME, ROLES) VALUES ('user036', 'TEAM_LEADER')

--Team data
INSERT INTO team (TEAM_NAME, TEAM_LEADER_USERNAME, ROOM_ROOM_ID, CREATE_USER_USERNAME, CREATE_DATE, ENABLED) VALUES ('Team 1', 'user030', '1', 'admin', '2020-01-01 00:00:00', TRUE)
INSERT INTO team (TEAM_NAME, TEAM_LEADER_USERNAME, ROOM_ROOM_ID, CREATE_USER_USERNAME, CREATE_DATE, ENABLED) VALUES ('Team 2', 'user031', '2', 'admin', '2020-01-01 00:00:00', TRUE)
INSERT INTO team (TEAM_NAME, TEAM_LEADER_USERNAME, ROOM_ROOM_ID, CREATE_USER_USERNAME, CREATE_DATE, ENABLED) VALUES ('Team 3', 'user032', '3', 'admin', '2020-01-01 00:00:00', TRUE)
INSERT INTO team (TEAM_NAME, TEAM_LEADER_USERNAME, ROOM_ROOM_ID, CREATE_USER_USERNAME, CREATE_DATE, ENABLED) VALUES ('Team 4', 'user033', '4', 'admin', '2020-01-01 00:00:00', TRUE)
INSERT INTO team (TEAM_NAME, TEAM_LEADER_USERNAME, ROOM_ROOM_ID, CREATE_USER_USERNAME, CREATE_DATE, ENABLED) VALUES ('Team 5', 'user034', '5', 'admin', '2020-01-01 00:00:00', TRUE)



    --Employee
INSERT INTO user(ENABLED, FIRST_NAME, LAST_NAME, PASSWORD, USERNAME, CREATE_USER_USERNAME, CREATE_DATE, BIRTH_DAY, NOTIFICATION, NOTIFICATION_CATEGORY) VALUES(TRUE, 'Max', 'Mustermann', '$2a$10$0fzFCfocPwei8eeWalkFpOe0RCg8gDYt3L1..bAwVjnL3qgKq2cMm', 'employee', 'admin', '2016-01-01 00:00:00','1958-08-19 00:00:00', TRUE, 'Nie')
INSERT INTO user_user_role(USER_USERNAME, ROLES) VALUES ('employee', 'EMPLOYEE')

INSERT INTO user(ENABLED, FIRST_NAME, LAST_NAME, PASSWORD, USERNAME, EMAIL, PHONE, CREATE_USER_USERNAME, CREATE_DATE, TEAM_TEAM_NAME, TIME_FLIP_ID, DEPARTMENT_DEPARTMENT_NAME, BIRTH_DAY, NOTIFICATION, NOTIFICATION_CATEGORY, ROOM_ROOM_ID) VALUES(TRUE, 'Janina', 'Hirsch', '$2a$10$0fzFCfocPwei8eeWalkFpOe0RCg8gDYt3L1..bAwVjnL3qgKq2cMm', 'user45', 'JaninaHirsch@mail.at', '+43 676 4580311', 'admin', '2020-01-01 00:00:00', 'Team 5', '1', '5','1964-07-13 00:00:00', TRUE, 'Nie', '5')
INSERT INTO user_user_role(USER_USERNAME, ROLES) VALUES ('user45', 'EMPLOYEE')

INSERT INTO user(ENABLED, FIRST_NAME, LAST_NAME, PASSWORD, USERNAME, EMAIL, PHONE, CREATE_USER_USERNAME, CREATE_DATE, TEAM_TEAM_NAME, TIME_FLIP_ID, DEPARTMENT_DEPARTMENT_NAME, BIRTH_DAY, NOTIFICATION, NOTIFICATION_CATEGORY, ROOM_ROOM_ID) VALUES(TRUE, 'Christian', 'Schwartz', '$2a$10$0fzFCfocPwei8eeWalkFpOe0RCg8gDYt3L1..bAwVjnL3qgKq2cMm', 'user46', 'ChristianSchwartz@mail.at', '+43 699280 5462', 'admin', '2020-01-01 00:00:00', 'Team 5', '2', '5','1974-11-12 00:00:00', TRUE, 'Nie', '5')
INSERT INTO user_user_role(USER_USERNAME, ROLES) VALUES ('user46', 'EMPLOYEE')

INSERT INTO user(ENABLED, FIRST_NAME, LAST_NAME, PASSWORD, USERNAME, EMAIL, PHONE, CREATE_USER_USERNAME, CREATE_DATE, TEAM_TEAM_NAME, TIME_FLIP_ID, DEPARTMENT_DEPARTMENT_NAME, BIRTH_DAY, NOTIFICATION, NOTIFICATION_CATEGORY, ROOM_ROOM_ID) VALUES(TRUE, 'Steffen', 'Boehm', '$2a$10$0fzFCfocPwei8eeWalkFpOe0RCg8gDYt3L1..bAwVjnL3qgKq2cMm', 'user47', 'SteffenBoehm@mail.at', '+43 680 7969904', 'admin', '2020-01-01 00:00:00', 'Team 5', '3', '5','1978-09-02 00:00:00', TRUE, 'Nie', '5')
INSERT INTO user_user_role(USER_USERNAME, ROLES) VALUES ('user47', 'EMPLOYEE')

INSERT INTO user(ENABLED, FIRST_NAME, LAST_NAME, PASSWORD, USERNAME, EMAIL, PHONE, CREATE_USER_USERNAME, CREATE_DATE, TEAM_TEAM_NAME, TIME_FLIP_ID, DEPARTMENT_DEPARTMENT_NAME, BIRTH_DAY, NOTIFICATION, NOTIFICATION_CATEGORY, ROOM_ROOM_ID) VALUES(TRUE, 'Janina', 'Gaertner', '$2a$10$0fzFCfocPwei8eeWalkFpOe0RCg8gDYt3L1..bAwVjnL3qgKq2cMm', 'user48', 'JaninaGaertner@mail.at', '+43 699 1511887', 'admin', '2020-01-01 00:00:00', 'Team 5', '4', '5','1999-11-23 00:00:00', TRUE, 'Nie', '5')
INSERT INTO user_user_role(USER_USERNAME, ROLES) VALUES ('user48', 'EMPLOYEE')

INSERT INTO user(ENABLED, FIRST_NAME, LAST_NAME, PASSWORD, USERNAME, EMAIL, PHONE, CREATE_USER_USERNAME, CREATE_DATE, TEAM_TEAM_NAME, TIME_FLIP_ID, DEPARTMENT_DEPARTMENT_NAME, BIRTH_DAY, NOTIFICATION, NOTIFICATION_CATEGORY, ROOM_ROOM_ID) VALUES(TRUE, 'Klaus', 'Wannemaker', '$2a$10$0fzFCfocPwei8eeWalkFpOe0RCg8gDYt3L1..bAwVjnL3qgKq2cMm', 'user49', 'KlausWannemaker@mail.at', '+43 681 3370103', 'admin', '2020-01-01 00:00:00', 'Team 4', '5', '4','1954-05-08 00:00:00', TRUE, 'Nie', '4')
INSERT INTO user_user_role(USER_USERNAME, ROLES) VALUES ('user49', 'EMPLOYEE')

INSERT INTO user(ENABLED, FIRST_NAME, LAST_NAME, PASSWORD, USERNAME, EMAIL, PHONE, CREATE_USER_USERNAME, CREATE_DATE, TEAM_TEAM_NAME, TIME_FLIP_ID, DEPARTMENT_DEPARTMENT_NAME, BIRTH_DAY, NOTIFICATION, NOTIFICATION_CATEGORY, ROOM_ROOM_ID) VALUES(TRUE, 'Maik', 'Pfeffer', '$2a$10$0fzFCfocPwei8eeWalkFpOe0RCg8gDYt3L1..bAwVjnL3qgKq2cMm', 'user50', 'MaikPfeffer@mail.at', '+43 660 8534274', 'admin', '2020-01-01 00:00:00', 'Team 4', '6', '4','1970-10-30 00:00:00', TRUE, 'Nie', '4')
INSERT INTO user_user_role(USER_USERNAME, ROLES) VALUES ('user50', 'EMPLOYEE')

INSERT INTO user(ENABLED, FIRST_NAME, LAST_NAME, PASSWORD, USERNAME, EMAIL, PHONE, CREATE_USER_USERNAME, CREATE_DATE, TEAM_TEAM_NAME, TIME_FLIP_ID, DEPARTMENT_DEPARTMENT_NAME, BIRTH_DAY, NOTIFICATION, NOTIFICATION_CATEGORY, ROOM_ROOM_ID) VALUES(TRUE, 'Maria', 'Kortig', '$2a$10$0fzFCfocPwei8eeWalkFpOe0RCg8gDYt3L1..bAwVjnL3qgKq2cMm', 'user51', 'MariaKortig@mail.at', '+43 699 4799058', 'admin', '2020-01-01 00:00:00', 'Team 4', '7', '4','1976-04-04 00:00:00', TRUE, 'Nie', '4')
INSERT INTO user_user_role(USER_USERNAME, ROLES) VALUES ('user51', 'EMPLOYEE')

INSERT INTO user(ENABLED, FIRST_NAME, LAST_NAME, PASSWORD, USERNAME, EMAIL, PHONE, CREATE_USER_USERNAME, CREATE_DATE, TEAM_TEAM_NAME, TIME_FLIP_ID, DEPARTMENT_DEPARTMENT_NAME, BIRTH_DAY, NOTIFICATION, NOTIFICATION_CATEGORY, ROOM_ROOM_ID) VALUES(TRUE, 'Yvonne', 'Foerster', '$2a$10$0fzFCfocPwei8eeWalkFpOe0RCg8gDYt3L1..bAwVjnL3qgKq2cMm', 'user52', 'YvonneFoerster@mail.at', '+43 650 3035821', 'admin', '2020-01-01 00:00:00', 'Team 4', '8', '4','1979-11-17 00:00:00', TRUE, 'Nie', '4')
INSERT INTO user_user_role(USER_USERNAME, ROLES) VALUES ('user52', 'EMPLOYEE')

INSERT INTO user(ENABLED, FIRST_NAME, LAST_NAME, PASSWORD, USERNAME, EMAIL, PHONE, CREATE_USER_USERNAME, CREATE_DATE, TEAM_TEAM_NAME, TIME_FLIP_ID, DEPARTMENT_DEPARTMENT_NAME, BIRTH_DAY, NOTIFICATION, NOTIFICATION_CATEGORY, ROOM_ROOM_ID) VALUES(TRUE, 'Dirk', 'Schreiber', '$2a$10$0fzFCfocPwei8eeWalkFpOe0RCg8gDYt3L1..bAwVjnL3qgKq2cMm', 'user53', 'DirkSchreiber@mail.at', '+43 681 6290863', 'admin', '2020-01-01 00:00:00', 'Team 3', '9', '3','1985-05-29 00:00:00', TRUE, 'Nie', '3')
INSERT INTO user_user_role(USER_USERNAME, ROLES) VALUES ('user53', 'EMPLOYEE')

INSERT INTO user(ENABLED, FIRST_NAME, LAST_NAME, PASSWORD, USERNAME, EMAIL, PHONE, CREATE_USER_USERNAME, CREATE_DATE, TEAM_TEAM_NAME, TIME_FLIP_ID, DEPARTMENT_DEPARTMENT_NAME, BIRTH_DAY, NOTIFICATION, NOTIFICATION_CATEGORY, ROOM_ROOM_ID) VALUES(TRUE, 'Erik', 'Nagel', '$2a$10$0fzFCfocPwei8eeWalkFpOe0RCg8gDYt3L1..bAwVjnL3qgKq2cMm', 'user54', 'ErikNagel@mail.at', '+43 688 1175683', 'admin', '2020-01-01 00:00:00', 'Team 3', '10', '3','1953-03-24 00:00:00', TRUE, 'Nie', '3')
INSERT INTO user_user_role(USER_USERNAME, ROLES) VALUES ('user54', 'EMPLOYEE')

INSERT INTO user(ENABLED, FIRST_NAME, LAST_NAME, PASSWORD, USERNAME, EMAIL, PHONE, CREATE_USER_USERNAME, CREATE_DATE, TEAM_TEAM_NAME, TIME_FLIP_ID, DEPARTMENT_DEPARTMENT_NAME, BIRTH_DAY, NOTIFICATION, NOTIFICATION_CATEGORY, ROOM_ROOM_ID) VALUES(TRUE, 'Steffen', 'Schultheiss', '$2a$10$0fzFCfocPwei8eeWalkFpOe0RCg8gDYt3L1..bAwVjnL3qgKq2cMm', 'user55', 'SteffenSchultheiss@mail.at', '+43 676 3241887', 'admin', '2020-01-01 00:00:00', 'Team 3', '11', '3','1962-06-14 00:00:00', TRUE, 'Nie', '3')
INSERT INTO user_user_role(USER_USERNAME, ROLES) VALUES ('user55', 'EMPLOYEE')

INSERT INTO user(ENABLED, FIRST_NAME, LAST_NAME, PASSWORD, USERNAME, EMAIL, PHONE, CREATE_USER_USERNAME, CREATE_DATE, TEAM_TEAM_NAME, TIME_FLIP_ID, DEPARTMENT_DEPARTMENT_NAME, BIRTH_DAY, NOTIFICATION, NOTIFICATION_CATEGORY, ROOM_ROOM_ID) VALUES(TRUE, 'Ulrike', 'Wagner', '$2a$10$0fzFCfocPwei8eeWalkFpOe0RCg8gDYt3L1..bAwVjnL3qgKq2cMm', 'user56', 'UlrikeWagner@mail.at', '+43 688 3909615', 'admin', '2020-01-01 00:00:00', 'Team 3', '12', '3','1964-10-25 00:00:00', TRUE, 'Nie', '3')
INSERT INTO user_user_role(USER_USERNAME, ROLES) VALUES ('user56', 'EMPLOYEE')

INSERT INTO user(ENABLED, FIRST_NAME, LAST_NAME, PASSWORD, USERNAME, EMAIL, PHONE, CREATE_USER_USERNAME, CREATE_DATE, TEAM_TEAM_NAME, TIME_FLIP_ID, DEPARTMENT_DEPARTMENT_NAME, BIRTH_DAY, NOTIFICATION, NOTIFICATION_CATEGORY, ROOM_ROOM_ID) VALUES(TRUE, 'Jonas', 'Frankfurter', '$2a$10$0fzFCfocPwei8eeWalkFpOe0RCg8gDYt3L1..bAwVjnL3qgKq2cMm', 'user57', 'JonasFrankfurter@mail.at', '+43 688 7754415', 'admin', '2020-01-01 00:00:00', 'Team 2', '13', '1','1985-06-06 00:00:00', TRUE, 'Nie', '2')
INSERT INTO user_user_role(USER_USERNAME, ROLES) VALUES ('user57', 'EMPLOYEE')

INSERT INTO user(ENABLED, FIRST_NAME, LAST_NAME, PASSWORD, USERNAME, EMAIL, PHONE, CREATE_USER_USERNAME, CREATE_DATE, TEAM_TEAM_NAME, TIME_FLIP_ID, DEPARTMENT_DEPARTMENT_NAME, BIRTH_DAY, NOTIFICATION, NOTIFICATION_CATEGORY, ROOM_ROOM_ID) VALUES(TRUE, 'Patrick', 'Eisenhauer', '$2a$10$0fzFCfocPwei8eeWalkFpOe0RCg8gDYt3L1..bAwVjnL3qgKq2cMm', 'user58', 'PatrickEisenhauer@mail.at', '+43 650 8501650', 'admin', '2020-01-01 00:00:00', 'Team 2', '14', '1','1998-02-27 00:00:00', TRUE, 'Nie', '2')
INSERT INTO user_user_role(USER_USERNAME, ROLES) VALUES ('user58', 'EMPLOYEE')

INSERT INTO user (ENABLED, FIRST_NAME, LAST_NAME, PASSWORD, USERNAME, EMAIL, PHONE, CREATE_USER_USERNAME, CREATE_DATE, TEAM_TEAM_NAME, TIME_FLIP_ID, DEPARTMENT_DEPARTMENT_NAME, BIRTH_DAY, NOTIFICATION, NOTIFICATION_CATEGORY, ROOM_ROOM_ID) VALUES(TRUE, 'Sebastian', 'Schafer', '$2a$10$0fzFCfocPwei8eeWalkFpOe0RCg8gDYt3L1..bAwVjnL3qgKq2cMm', 'user59', 'SebastianSchaefer@mail.at', '+43 681 8444323', 'admin', '2020-01-01 00:00:00', 'Team 2', '15', '4','1951-04-01 00:00:00', TRUE, 'Nie', '2')
INSERT INTO user_user_role (USER_USERNAME, ROLES) VALUES ('user59', 'EMPLOYEE')

INSERT INTO user(ENABLED, FIRST_NAME, LAST_NAME, PASSWORD, USERNAME, EMAIL, PHONE, CREATE_USER_USERNAME, CREATE_DATE, TEAM_TEAM_NAME, TIME_FLIP_ID, DEPARTMENT_DEPARTMENT_NAME, BIRTH_DAY, NOTIFICATION, NOTIFICATION_CATEGORY, ROOM_ROOM_ID) VALUES(TRUE, 'Bernd', 'Frei', '$2a$10$0fzFCfocPwei8eeWalkFpOe0RCg8gDYt3L1..bAwVjnL3qgKq2cMm', 'user60', 'BerndFrei@mail.at', '+43 699 9374967', 'admin', '2020-01-01 00:00:00', 'Team 2', '16', '1','1963-08-29 00:00:00', TRUE, 'Monatlich', '2')
INSERT INTO user_user_role(USER_USERNAME, ROLES) VALUES ('user60', 'EMPLOYEE')

INSERT INTO user(ENABLED, FIRST_NAME, LAST_NAME, PASSWORD, USERNAME, EMAIL, PHONE, CREATE_USER_USERNAME, CREATE_DATE, TEAM_TEAM_NAME, TIME_FLIP_ID, DEPARTMENT_DEPARTMENT_NAME, BIRTH_DAY, NOTIFICATION, NOTIFICATION_CATEGORY, ROOM_ROOM_ID) VALUES(TRUE, 'Niklas', 'Bader', '$2a$10$0fzFCfocPwei8eeWalkFpOe0RCg8gDYt3L1..bAwVjnL3qgKq2cMm', 'user61', 'NiklasBader@mail.at', '+43 88 2223830', 'admin', '2020-01-01 00:00:00', 'Team 1', '17', '1','1979-04-26 00:00:00', TRUE, 'Wöchentlich', '1')
INSERT INTO user_user_role(USER_USERNAME, ROLES) VALUES ('user61', 'EMPLOYEE')

INSERT INTO user(ENABLED, FIRST_NAME, LAST_NAME, PASSWORD, USERNAME, EMAIL, PHONE, CREATE_USER_USERNAME, CREATE_DATE, TEAM_TEAM_NAME, TIME_FLIP_ID, DEPARTMENT_DEPARTMENT_NAME, BIRTH_DAY, NOTIFICATION, NOTIFICATION_CATEGORY, ROOM_ROOM_ID) VALUES(TRUE, 'Karolin', 'Faber', '$2a$10$0fzFCfocPwei8eeWalkFpOe0RCg8gDYt3L1..bAwVjnL3qgKq2cMm', 'user62', 'KarolinFaber@mail.at', '+43 681 7443165', 'admin', '2020-01-01 00:00:00', 'Team 1', '18', '1','1982-07-31 00:00:00', TRUE, 'Jährlich', '1')
INSERT INTO user_user_role(USER_USERNAME, ROLES) VALUES ('user62', 'EMPLOYEE')

INSERT INTO user(ENABLED, FIRST_NAME, LAST_NAME, PASSWORD, USERNAME, EMAIL, PHONE, CREATE_USER_USERNAME, CREATE_DATE, TEAM_TEAM_NAME, TIME_FLIP_ID, DEPARTMENT_DEPARTMENT_NAME, BIRTH_DAY, NOTIFICATION, NOTIFICATION_CATEGORY, ROOM_ROOM_ID) VALUES(TRUE, 'Kerstin', 'Gerber', '$2a$10$0fzFCfocPwei8eeWalkFpOe0RCg8gDYt3L1..bAwVjnL3qgKq2cMm', 'user63', 'KerstinGerber@mail.at', '+43 676 6761880', 'admin', '2020-01-01 00:00:00', 'Team 1', '19', '1','1995-06-18 00:00:00', TRUE, 'Monatlich', '1')
INSERT INTO user_user_role(USER_USERNAME, ROLES) VALUES ('user63', 'EMPLOYEE')

INSERT INTO user(ENABLED, FIRST_NAME, LAST_NAME, PASSWORD, USERNAME, EMAIL, PHONE, CREATE_USER_USERNAME, CREATE_DATE, TEAM_TEAM_NAME, TIME_FLIP_ID, DEPARTMENT_DEPARTMENT_NAME, BIRTH_DAY, NOTIFICATION, NOTIFICATION_CATEGORY, ROOM_ROOM_ID) VALUES(TRUE, 'Leah', 'Osterhagen', '$2a$10$0fzFCfocPwei8eeWalkFpOe0RCg8gDYt3L1..bAwVjnL3qgKq2cMm', 'user64', 'LeahOsterhagen@mail.at', '+43 688 2212608', 'admin', '2020-01-01 00:00:00', 'Team 1', '20', '1','1975-05-31 00:00:00', TRUE, 'Wöchentlich', '1')
INSERT INTO user_user_role(USER_USERNAME, ROLES) VALUES ('user64', 'EMPLOYEE')



INSERT INTO team_team_member(TEAM_TEAM_NAME, TEAM_MEMBER_USERNAME) VALUES('Team 1', 'user030')
INSERT INTO team_team_member(TEAM_TEAM_NAME, TEAM_MEMBER_USERNAME) VALUES('Team 1', 'user64')
INSERT INTO team_team_member(TEAM_TEAM_NAME, TEAM_MEMBER_USERNAME) VALUES('Team 1', 'user63')
INSERT INTO team_team_member(TEAM_TEAM_NAME, TEAM_MEMBER_USERNAME) VALUES('Team 1', 'user62')
INSERT INTO team_team_member(TEAM_TEAM_NAME, TEAM_MEMBER_USERNAME) VALUES('Team 1', 'user61')

INSERT INTO team_team_member(TEAM_TEAM_NAME, TEAM_MEMBER_USERNAME) VALUES ('Team 2', 'user031')
INSERT INTO team_team_member(TEAM_TEAM_NAME, TEAM_MEMBER_USERNAME) VALUES ('Team 2', 'user60')
INSERT INTO team_team_member(TEAM_TEAM_NAME, TEAM_MEMBER_USERNAME) VALUES ('Team 2', 'user59')
INSERT INTO team_team_member(TEAM_TEAM_NAME, TEAM_MEMBER_USERNAME) VALUES ('Team 2', 'user58')
INSERT INTO team_team_member(TEAM_TEAM_NAME, TEAM_MEMBER_USERNAME) VALUES ('Team 2', 'user57')

INSERT INTO team_team_member(TEAM_TEAM_NAME, TEAM_MEMBER_USERNAME) VALUES ('Team 3', 'user032')
INSERT INTO team_team_member(TEAM_TEAM_NAME, TEAM_MEMBER_USERNAME) VALUES ('Team 3', 'user56')
INSERT INTO team_team_member(TEAM_TEAM_NAME, TEAM_MEMBER_USERNAME) VALUES ('Team 3', 'user55')
INSERT INTO team_team_member(TEAM_TEAM_NAME, TEAM_MEMBER_USERNAME) VALUES ('Team 3', 'user54')
INSERT INTO team_team_member(TEAM_TEAM_NAME, TEAM_MEMBER_USERNAME) VALUES ('Team 3', 'user53')


INSERT INTO team_team_member(TEAM_TEAM_NAME, TEAM_MEMBER_USERNAME) VALUES ('Team 4', 'user033')
INSERT INTO team_team_member(TEAM_TEAM_NAME, TEAM_MEMBER_USERNAME) VALUES ('Team 4', 'user52')
INSERT INTO team_team_member(TEAM_TEAM_NAME, TEAM_MEMBER_USERNAME) VALUES ('Team 4', 'user51')
INSERT INTO team_team_member(TEAM_TEAM_NAME, TEAM_MEMBER_USERNAME) VALUES ('Team 4', 'user50')
INSERT INTO team_team_member(TEAM_TEAM_NAME, TEAM_MEMBER_USERNAME) VALUES ('Team 4', 'user49')


INSERT INTO team_team_member (TEAM_TEAM_NAME, TEAM_MEMBER_USERNAME) VALUES ('Team 5', 'user034')
INSERT INTO team_team_member (TEAM_TEAM_NAME, TEAM_MEMBER_USERNAME) VALUES ('Team 5', 'user48')
INSERT INTO team_team_member (TEAM_TEAM_NAME, TEAM_MEMBER_USERNAME) VALUES ('Team 5', 'user47')
INSERT INTO team_team_member (TEAM_TEAM_NAME, TEAM_MEMBER_USERNAME) VALUES ('Team 5', 'user46')
INSERT INTO team_team_member (TEAM_TEAM_NAME, TEAM_MEMBER_USERNAME) VALUES ('Team 5', 'user45')


INSERT INTO department_team (DEPARTMENT_DEPARTMENT_NAME, TEAM_TEAM_NAME) VALUES ('1', 'Team 1')
INSERT INTO department_team (DEPARTMENT_DEPARTMENT_NAME, TEAM_TEAM_NAME) VALUES ('1', 'Team 2')
INSERT INTO department_team (DEPARTMENT_DEPARTMENT_NAME, TEAM_TEAM_NAME) VALUES ('3','Team 3')
INSERT INTO department_team (DEPARTMENT_DEPARTMENT_NAME, TEAM_TEAM_NAME) VALUES ('4','Team 4')
INSERT INTO department_team (DEPARTMENT_DEPARTMENT_NAME, TEAM_TEAM_NAME) VALUES ('5','Team 5')


INSERT INTO miniserver_time_flip (MINISERVER_MINISERVER_ID, TIME_FLIP_TIME_FLIP_ID) VALUES ('1', '1')
INSERT INTO miniserver_time_flip (MINISERVER_MINISERVER_ID, TIME_FLIP_TIME_FLIP_ID) VALUES ('1', '2')
INSERT INTO miniserver_time_flip (MINISERVER_MINISERVER_ID, TIME_FLIP_TIME_FLIP_ID) VALUES ('1', '3')
INSERT INTO miniserver_time_flip (MINISERVER_MINISERVER_ID, TIME_FLIP_TIME_FLIP_ID) VALUES ('1', '4')


INSERT INTO miniserver_time_flip (MINISERVER_MINISERVER_ID, TIME_FLIP_TIME_FLIP_ID) VALUES ('2', '5')
INSERT INTO miniserver_time_flip (MINISERVER_MINISERVER_ID, TIME_FLIP_TIME_FLIP_ID) VALUES ('2', '6')
INSERT INTO miniserver_time_flip (MINISERVER_MINISERVER_ID, TIME_FLIP_TIME_FLIP_ID) VALUES ('2', '7')
INSERT INTO miniserver_time_flip (MINISERVER_MINISERVER_ID, TIME_FLIP_TIME_FLIP_ID) VALUES ('2', '8')


INSERT INTO miniserver_time_flip (MINISERVER_MINISERVER_ID, TIME_FLIP_TIME_FLIP_ID) VALUES ('3', '9')
INSERT INTO miniserver_time_flip (MINISERVER_MINISERVER_ID, TIME_FLIP_TIME_FLIP_ID) VALUES ('3', '10')
INSERT INTO miniserver_time_flip (MINISERVER_MINISERVER_ID, TIME_FLIP_TIME_FLIP_ID) VALUES ('3', '11')
INSERT INTO miniserver_time_flip (MINISERVER_MINISERVER_ID, TIME_FLIP_TIME_FLIP_ID) VALUES ('3', '12')


INSERT INTO miniserver_time_flip (MINISERVER_MINISERVER_ID, TIME_FLIP_TIME_FLIP_ID) VALUES ('4', '13')
INSERT INTO miniserver_time_flip (MINISERVER_MINISERVER_ID, TIME_FLIP_TIME_FLIP_ID) VALUES ('4', '14')
INSERT INTO miniserver_time_flip (MINISERVER_MINISERVER_ID, TIME_FLIP_TIME_FLIP_ID) VALUES ('4', '15')
INSERT INTO miniserver_time_flip (MINISERVER_MINISERVER_ID, TIME_FLIP_TIME_FLIP_ID) VALUES ('4', '16')


INSERT INTO miniserver_time_flip (MINISERVER_MINISERVER_ID, TIME_FLIP_TIME_FLIP_ID) VALUES ('5', '17')
INSERT INTO miniserver_time_flip (MINISERVER_MINISERVER_ID, TIME_FLIP_TIME_FLIP_ID) VALUES ('5', '18')
INSERT INTO miniserver_time_flip (MINISERVER_MINISERVER_ID, TIME_FLIP_TIME_FLIP_ID) VALUES ('5', '19')
INSERT INTO miniserver_time_flip (MINISERVER_MINISERVER_ID, TIME_FLIP_TIME_FLIP_ID) VALUES ('5', '20')

    --Task data
INSERT INTO task (TASK_ID, TASK_START, TASK_END, CREATE_USER_USERNAME, CREATE_DATE, ENABLED) VALUES ('1', '2020-04-30 00:08:00', '2020-04-30 00:10:00', 'employee', '2020-01-01 00:00:00', TRUE)
INSERT INTO task_task_category (TASK_TASK_ID, TASK_CATEGORY) VALUES ('1', 'ERROR_ANALYSIS')

INSERT INTO task (TASK_ID, TASK_START, TASK_END, CREATE_USER_USERNAME, CREATE_DATE, ENABLED) VALUES ('2', '2020-04-30 00:10:00', '2020-04-30 00:12:00', 'employee', '2020-01-01 00:00:00', TRUE)
INSERT INTO task_task_category (TASK_TASK_ID, TASK_CATEGORY) VALUES ('2', 'MEETING')

INSERT INTO task (TASK_ID, TASK_START, TASK_END, CREATE_USER_USERNAME, CREATE_DATE, ENABLED) VALUES ('3', '2020-04-30 00:12:00', '2020-04-30 00:13:00', 'employee', '2020-01-01 00:00:00', TRUE)
INSERT INTO task_task_category (TASK_TASK_ID, TASK_CATEGORY) VALUES ('3', 'BREAK')

INSERT INTO task (TASK_ID, TASK_START, TASK_END, CREATE_USER_USERNAME, CREATE_DATE, ENABLED) VALUES ('4', '2020-04-30 00:13:00', '2020-04-30 00:16:55', 'employee', '2020-01-01 00:00:00', TRUE)
INSERT INTO task_task_category (TASK_TASK_ID, TASK_CATEGORY) VALUES ('4', 'OTHERS')

INSERT INTO task (TASK_ID, TASK_START, TASK_END, CREATE_USER_USERNAME, CREATE_DATE, ENABLED) VALUES ('5', '2020-05-04 00:08:00', '2020-05-04 00:10:00', 'employee', '2020-01-01 00:00:00', TRUE)
INSERT INTO task_task_category (TASK_TASK_ID, TASK_CATEGORY) VALUES ('5', 'CONCEPTION')

INSERT INTO task (TASK_ID, TASK_START, TASK_END, CREATE_USER_USERNAME, CREATE_DATE, ENABLED) VALUES ('6', '2020-05-04 00:10:00', '2020-05-04 00:12:00', 'employee', '2020-01-01 00:00:00', TRUE)
INSERT INTO task_task_category (TASK_TASK_ID, TASK_CATEGORY) VALUES ('6', 'DESIGN')

INSERT INTO task (TASK_ID, TASK_START, TASK_END, CREATE_USER_USERNAME, CREATE_DATE, ENABLED) VALUES ('7', '2020-05-04 00:12:00', '2020-05-04 00:13:00', 'employee', '2020-01-01 00:00:00', TRUE)
INSERT INTO task_task_category (TASK_TASK_ID, TASK_CATEGORY) VALUES ('7', 'BREAK')

INSERT INTO task (TASK_ID, TASK_START, TASK_END, CREATE_USER_USERNAME, CREATE_DATE, ENABLED) VALUES ('8', '2020-05-04 00:13:00', '2020-05-04 00:16:55', 'employee', '2020-01-01 00:00:00', TRUE)
INSERT INTO task_task_category (TASK_TASK_ID, TASK_CATEGORY) VALUES ('8', 'IMPLEMENTATION')

INSERT INTO task (TASK_ID, TASK_START, TASK_END, CREATE_USER_USERNAME, CREATE_DATE, ENABLED) VALUES ('9', '2020-05-05 00:08:00', '2020-05-05 00:10:00', 'employee', '2020-01-01 00:00:00', TRUE)
INSERT INTO task_task_category (TASK_TASK_ID, TASK_CATEGORY) VALUES ('9', 'MEETING')

INSERT INTO task (TASK_ID, TASK_START, TASK_END, CREATE_USER_USERNAME, CREATE_DATE, ENABLED) VALUES ('10', '2020-05-05 00:10:00', '2020-05-05 00:12:00', 'employee', '2020-01-01 00:00:00', TRUE)
INSERT INTO task_task_category (TASK_TASK_ID, TASK_CATEGORY) VALUES ('10', 'IMPLEMENTATION')

INSERT INTO task (TASK_ID, TASK_START, TASK_END, CREATE_USER_USERNAME, CREATE_DATE, ENABLED) VALUES ('11', '2020-05-05 00:12:00', '2020-05-05 00:13:00', 'employee', '2020-01-01 00:00:00', TRUE)
INSERT INTO task_task_category (TASK_TASK_ID, TASK_CATEGORY) VALUES ('11', 'BREAK')

INSERT INTO task (TASK_ID, TASK_START, TASK_END, CREATE_USER_USERNAME, CREATE_DATE, ENABLED) VALUES ('12', '2020-05-05 00:13:00', '2020-05-05 00:17:00', 'employee', '2020-01-01 00:00:00', TRUE)
INSERT INTO task_task_category (TASK_TASK_ID, TASK_CATEGORY) VALUES ('12', 'PROJECT_MANAGEMENT')

INSERT INTO task (TASK_ID, TASK_START, TASK_END, CREATE_USER_USERNAME, CREATE_DATE, ENABLED) VALUES ('13', '2020-05-06 00:08:00', '2020-05-06 00:10:00', 'employee', '2020-01-01 00:00:00', TRUE)
INSERT INTO task_task_category (TASK_TASK_ID, TASK_CATEGORY) VALUES ('13', 'CUSTOMER_MEETING')

INSERT INTO task (TASK_ID, TASK_START, TASK_END, CREATE_USER_USERNAME, CREATE_DATE, ENABLED) VALUES ('14', '2020-05-06 00:10:00', '2020-05-06 00:13:00', 'employee', '2020-01-01 00:00:00', TRUE)
INSERT INTO task_task_category (TASK_TASK_ID, TASK_CATEGORY) VALUES ('14', 'TRAINING')

INSERT INTO task (TASK_ID, TASK_START, TASK_END, CREATE_USER_USERNAME, CREATE_DATE, ENABLED) VALUES ('15', '2020-05-06 00:13:00', '2020-05-06 00:15:00', 'employee', '2020-01-01 00:00:00', TRUE)
INSERT INTO task_task_category (TASK_TASK_ID, TASK_CATEGORY) VALUES ('15', 'BREAK')

INSERT INTO task (TASK_ID, TASK_START, TASK_END, CREATE_USER_USERNAME, CREATE_DATE, ENABLED) VALUES ('16', '2020-05-07 00:08:00', '2020-05-07 00:10:00', 'employee', '2020-01-01 00:00:00', TRUE)
INSERT INTO task_task_category (TASK_TASK_ID, TASK_CATEGORY) VALUES ('16', 'CONCEPTION')

INSERT INTO task (TASK_ID, TASK_START, TASK_END, CREATE_USER_USERNAME, CREATE_DATE, ENABLED) VALUES ('17', '2020-05-07 00:10:00', '2020-05-07 00:12:00', 'employee', '2020-01-01 00:00:00', TRUE)
INSERT INTO task_task_category (TASK_TASK_ID, TASK_CATEGORY) VALUES ('17', 'IMPLEMENTATION')

INSERT INTO task (TASK_ID, TASK_START, TASK_END, CREATE_USER_USERNAME, CREATE_DATE, ENABLED) VALUES ('18', '2020-05-07 00:12:00', '2020-05-07 00:13:00', 'employee', '2020-01-01 00:00:00', TRUE)
INSERT INTO task_task_category (TASK_TASK_ID, TASK_CATEGORY) VALUES ('18', 'ERROR_ANALYSIS')

INSERT INTO task (TASK_ID, TASK_START, TASK_END, CREATE_USER_USERNAME, CREATE_DATE, ENABLED) VALUES ('19', '2020-05-07 00:13:00', '2020-05-07 00:14:00', 'employee', '2020-01-01 00:00:00', TRUE)
INSERT INTO task_task_category (TASK_TASK_ID, TASK_CATEGORY) VALUES ('19', 'BREAK')

INSERT INTO task (TASK_ID, TASK_START, TASK_END, CREATE_USER_USERNAME, CREATE_DATE, ENABLED) VALUES ('20', '2020-05-07 00:14:00', '2020-05-07 00:16:00', 'employee', '2020-01-01 00:00:00', TRUE)
INSERT INTO task_task_category (TASK_TASK_ID, TASK_CATEGORY) VALUES ('20', 'DOCUMENTATION')

INSERT INTO task (TASK_ID, TASK_START, TASK_END, CREATE_USER_USERNAME, CREATE_DATE, ENABLED) VALUES ('21', '2020-05-05 00:10:00', '2020-05-06 00:13:00', 'employee', '2020-01-01 00:00:00', TRUE)
INSERT INTO task_task_category (TASK_TASK_ID, TASK_CATEGORY) VALUES ('21', 'TRAINING')

INSERT INTO task (TASK_ID, TASK_START, TASK_END, CREATE_USER_USERNAME, CREATE_DATE, ENABLED) VALUES ('22', '2020-05-05 00:13:00', '2020-05-06 00:15:00', 'employee', '2020-01-01 00:00:00', TRUE)
INSERT INTO task_task_category (TASK_TASK_ID, TASK_CATEGORY) VALUES ('22', 'BREAK')

INSERT INTO task (TASK_ID, TASK_START, TASK_END, CREATE_USER_USERNAME, CREATE_DATE, ENABLED) VALUES ('23', '2020-05-05 00:08:00', '2020-05-07 00:10:00', 'employee', '2020-01-01 00:00:00', TRUE)
INSERT INTO task_task_category (TASK_TASK_ID, TASK_CATEGORY) VALUES ('23', 'CONCEPTION')

INSERT INTO task (TASK_ID, TASK_START, TASK_END, CREATE_USER_USERNAME, CREATE_DATE, ENABLED) VALUES ('24', '2020-05-05 00:10:00', '2020-05-07 00:12:00', 'employee', '2020-01-01 00:00:00', TRUE)
INSERT INTO task_task_category (TASK_TASK_ID, TASK_CATEGORY) VALUES ('24', 'IMPLEMENTATION')

INSERT INTO task (TASK_ID, TASK_START, TASK_END, CREATE_USER_USERNAME, CREATE_DATE, ENABLED) VALUES ('25', '2020-05-03 00:12:00', '2020-05-03 00:13:00', 'employee', '2020-01-01 00:00:00', TRUE)
INSERT INTO task_task_category (TASK_TASK_ID, TASK_CATEGORY) VALUES ('25', 'ERROR_ANALYSIS')

INSERT INTO task (TASK_ID, TASK_START, TASK_END, CREATE_USER_USERNAME, CREATE_DATE, ENABLED) VALUES ('26', '2020-05-03 00:13:00', '2020-05-03 00:14:00', 'employee', '2020-01-01 00:00:00', TRUE)
INSERT INTO task_task_category (TASK_TASK_ID, TASK_CATEGORY) VALUES ('26', 'BREAK')

INSERT INTO task (TASK_ID, TASK_START, TASK_END, CREATE_USER_USERNAME, CREATE_DATE, ENABLED) VALUES ('27', '2020-05-03 00:14:00', '2020-05-03 00:16:00', 'employee', '2020-01-01 00:00:00', TRUE)
INSERT INTO task_task_category (TASK_TASK_ID, TASK_CATEGORY) VALUES ('27', 'DOCUMENTATION')



INSERT INTO task (TASK_ID, TASK_START, TASK_END, CREATE_USER_USERNAME, CREATE_DATE, ENABLED) VALUES ('28', '2020-02-05 00:00:00', '2020-02-10 00:00:00', 'admin', '2020-01-01 00:00:00', TRUE)
INSERT INTO task_task_category (TASK_TASK_ID, TASK_CATEGORY) VALUES ('28', 'DESIGN')

INSERT INTO task (TASK_ID, TASK_START, TASK_END, CREATE_USER_USERNAME, CREATE_DATE, ENABLED) VALUES ('29', '2020-03-25 00:00:00', '2020-03-23 00:00:00', 'admin', '2020-01-01 00:00:00', TRUE)
INSERT INTO task_task_category (TASK_TASK_ID, TASK_CATEGORY) VALUES ('29', 'IMPLEMENTATION')

INSERT INTO task (TASK_ID, TASK_START, TASK_END, CREATE_USER_USERNAME, CREATE_DATE, ENABLED) VALUES ('30', '2020-04-20 00:00:00', '2020-04-22 00:00:00', 'admin', '2020-01-01 00:00:00', TRUE)
INSERT INTO task_task_category (TASK_TASK_ID, TASK_CATEGORY) VALUES ('30', 'TESTING')

INSERT INTO task (TASK_ID, TASK_START, TASK_END, CREATE_USER_USERNAME, CREATE_DATE, ENABLED) VALUES ('31', '2020-06-13 00:00:00', '2020-06-19 00:00:00', 'admin', '2020-01-01 00:00:00', TRUE)
INSERT INTO task_task_category (TASK_TASK_ID, TASK_CATEGORY) VALUES ('31', 'DOCUMENTATION')

INSERT INTO task (TASK_ID, TASK_START, TASK_END, CREATE_USER_USERNAME, CREATE_DATE, ENABLED) VALUES ('32', '2020-07-15 00:00:00', '2020-07-21 00:00:00', 'admin', '2020-01-01 00:00:00', TRUE)
INSERT INTO task_task_category (TASK_TASK_ID, TASK_CATEGORY) VALUES ('32', 'ERROR_ANALYSIS')

INSERT INTO task (TASK_ID, TASK_START, TASK_END, CREATE_USER_USERNAME, CREATE_DATE, ENABLED) VALUES ('33', '2020-08-17 00:00:00', '2020-08-12 00:00:00', 'admin', '2020-01-01 00:00:00', TRUE)
INSERT INTO task_task_category (TASK_TASK_ID, TASK_CATEGORY) VALUES ('33', 'MEETING')

INSERT INTO task (TASK_ID, TASK_START, TASK_END, CREATE_USER_USERNAME, CREATE_DATE, ENABLED) VALUES ('34', '2020-08-12 00:00:00', '2020-08-28 00:00:00', 'user45', '2020-01-01 00:00:00', TRUE)
INSERT INTO task_task_category (TASK_TASK_ID, TASK_CATEGORY) VALUES ('34', 'CUSTOMER_MEETING')

INSERT INTO task (TASK_ID, TASK_START, TASK_END, CREATE_USER_USERNAME, CREATE_DATE, ENABLED) VALUES ('35', '2020-08-12 00:00:00', '2020-08-28 00:00:00', 'admin', '2020-01-01 00:00:00', TRUE)
INSERT INTO task_task_category (TASK_TASK_ID, TASK_CATEGORY) VALUES ('35', 'TRAINING')

INSERT INTO task (TASK_ID, TASK_START, TASK_END, CREATE_USER_USERNAME, CREATE_DATE, ENABLED) VALUES ('36', '2020-08-12 00:00:00', '2020-08-28 00:00:00', 'admin', '2020-01-01 00:00:00', TRUE)
INSERT INTO task_task_category (TASK_TASK_ID, TASK_CATEGORY) VALUES ('36', 'PROJECT_MANAGEMENT')

INSERT INTO task (TASK_ID, TASK_START, TASK_END, CREATE_USER_USERNAME, CREATE_DATE, ENABLED) VALUES ('37', '2020-08-12 00:00:00', '2020-08-28 00:00:00', 'admin', '2020-01-01 00:00:00', TRUE)
INSERT INTO task_task_category (TASK_TASK_ID, TASK_CATEGORY) VALUES ('37', 'OTHERS')

INSERT INTO task (TASK_ID, TASK_START, TASK_END, CREATE_USER_USERNAME, CREATE_DATE, ENABLED) VALUES ('38', '2020-08-12 00:00:00', '2020-08-28 00:00:00', 'admin', '2020-01-01 00:00:00', TRUE)
INSERT INTO task_task_category (TASK_TASK_ID, TASK_CATEGORY) VALUES ('38', 'BREAK')

--- team 1 data for may
INSERT INTO task (TASK_ID, TASK_START, TASK_END, CREATE_USER_USERNAME, CREATE_DATE, ENABLED) VALUES ('39', '2020-05-06 00:10:00', '2020-05-06 00:13:00', 'user64', '2020-01-01 00:00:00', TRUE)
INSERT INTO task_task_category (TASK_TASK_ID, TASK_CATEGORY) VALUES ('39', 'TRAINING')

INSERT INTO task (TASK_ID, TASK_START, TASK_END, CREATE_USER_USERNAME, CREATE_DATE, ENABLED) VALUES ('40', '2020-05-06 00:13:00', '2020-05-06 00:15:00', 'user64', '2020-01-01 00:00:00', TRUE)
INSERT INTO task_task_category (TASK_TASK_ID, TASK_CATEGORY) VALUES ('40', 'BREAK')

INSERT INTO task (TASK_ID, TASK_START, TASK_END, CREATE_USER_USERNAME, CREATE_DATE, ENABLED) VALUES ('41', '2020-05-07 00:08:00', '2020-05-07 00:10:00', 'user64', '2020-01-01 00:00:00', TRUE)
INSERT INTO task_task_category (TASK_TASK_ID, TASK_CATEGORY) VALUES ('41', 'CONCEPTION')

INSERT INTO task (TASK_ID, TASK_START, TASK_END, CREATE_USER_USERNAME, CREATE_DATE, ENABLED) VALUES ('42', '2020-05-07 00:10:00', '2020-05-07 00:12:00', 'user64', '2020-01-01 00:00:00', TRUE)
INSERT INTO task_task_category (TASK_TASK_ID, TASK_CATEGORY) VALUES ('42', 'IMPLEMENTATION')




INSERT INTO task (TASK_ID, TASK_START, TASK_END, CREATE_USER_USERNAME, CREATE_DATE, ENABLED) VALUES ('43', '2020-05-06 00:10:00', '2020-05-06 00:13:00', 'user63', '2020-01-01 00:00:00', TRUE)
INSERT INTO task_task_category (TASK_TASK_ID, TASK_CATEGORY) VALUES ('43', 'TRAINING')

INSERT INTO task (TASK_ID, TASK_START, TASK_END, CREATE_USER_USERNAME, CREATE_DATE, ENABLED) VALUES ('44', '2020-05-06 00:13:00', '2020-05-06 00:15:00', 'user63', '2020-01-01 00:00:00', TRUE)
INSERT INTO task_task_category (TASK_TASK_ID, TASK_CATEGORY) VALUES ('44', 'BREAK')

INSERT INTO task (TASK_ID, TASK_START, TASK_END, CREATE_USER_USERNAME, CREATE_DATE, ENABLED) VALUES ('45', '2020-05-07 00:08:00', '2020-05-07 00:10:00', 'user63', '2020-01-01 00:00:00', TRUE)
INSERT INTO task_task_category (TASK_TASK_ID, TASK_CATEGORY) VALUES ('45', 'CONCEPTION')

INSERT INTO task (TASK_ID, TASK_START, TASK_END, CREATE_USER_USERNAME, CREATE_DATE, ENABLED) VALUES ('46', '2020-05-07 00:10:00', '2020-05-07 00:12:00', 'user63', '2020-01-01 00:00:00', TRUE)
INSERT INTO task_task_category (TASK_TASK_ID, TASK_CATEGORY) VALUES ('46', 'IMPLEMENTATION')




INSERT INTO task (TASK_ID, TASK_START, TASK_END, CREATE_USER_USERNAME, CREATE_DATE, ENABLED) VALUES ('47', '2020-05-06 00:10:00', '2020-05-06 00:13:00', 'user62', '2020-01-01 00:00:00', TRUE)
INSERT INTO task_task_category (TASK_TASK_ID, TASK_CATEGORY) VALUES ('47', 'TRAINING')

INSERT INTO task (TASK_ID, TASK_START, TASK_END, CREATE_USER_USERNAME, CREATE_DATE, ENABLED) VALUES ('48', '2020-05-06 00:13:00', '2020-05-06 00:15:00', 'user62', '2020-01-01 00:00:00', TRUE)
INSERT INTO task_task_category (TASK_TASK_ID, TASK_CATEGORY) VALUES ('48', 'BREAK')

INSERT INTO task (TASK_ID, TASK_START, TASK_END, CREATE_USER_USERNAME, CREATE_DATE, ENABLED) VALUES ('49', '2020-05-07 00:08:00', '2020-05-07 00:10:00', 'user62', '2020-01-01 00:00:00', TRUE)
INSERT INTO task_task_category (TASK_TASK_ID, TASK_CATEGORY) VALUES ('49', 'CONCEPTION')

INSERT INTO task (TASK_ID, TASK_START, TASK_END, CREATE_USER_USERNAME, CREATE_DATE, ENABLED) VALUES ('50', '2020-05-07 00:10:00', '2020-05-07 00:12:00', 'user62', '2020-01-01 00:00:00', TRUE)
INSERT INTO task_task_category (TASK_TASK_ID, TASK_CATEGORY) VALUES ('50', 'IMPLEMENTATION')



INSERT INTO task (TASK_ID, TASK_START, TASK_END, CREATE_USER_USERNAME, CREATE_DATE, ENABLED) VALUES ('51', '2020-05-06 00:10:00', '2020-05-06 00:13:00', 'user61', '2020-01-01 00:00:00', TRUE)
INSERT INTO task_task_category (TASK_TASK_ID, TASK_CATEGORY) VALUES ('51', 'TRAINING')

INSERT INTO task (TASK_ID, TASK_START, TASK_END, CREATE_USER_USERNAME, CREATE_DATE, ENABLED) VALUES ('52', '2020-05-06 00:13:00', '2020-05-06 00:15:00', 'user61', '2020-01-01 00:00:00', TRUE)
INSERT INTO task_task_category (TASK_TASK_ID, TASK_CATEGORY) VALUES ('52', 'BREAK')

INSERT INTO task (TASK_ID, TASK_START, TASK_END, CREATE_USER_USERNAME, CREATE_DATE, ENABLED) VALUES ('53', '2020-05-07 00:08:00', '2020-05-07 00:10:00', 'user61', '2020-01-01 00:00:00', TRUE)
INSERT INTO task_task_category (TASK_TASK_ID, TASK_CATEGORY) VALUES ('53', 'CONCEPTION')

INSERT INTO task (TASK_ID, TASK_START, TASK_END, CREATE_USER_USERNAME, CREATE_DATE, ENABLED) VALUES ('54', '2020-05-07 00:10:00', '2020-05-07 00:12:00', 'user61', '2020-01-01 00:00:00', TRUE)
INSERT INTO task_task_category (TASK_TASK_ID, TASK_CATEGORY) VALUES ('54', 'IMPLEMENTATION')



INSERT INTO task (TASK_ID, TASK_START, TASK_END, CREATE_USER_USERNAME, CREATE_DATE, ENABLED) VALUES ('55', '2020-05-06 00:10:00', '2020-05-06 00:13:00', 'user030', '2020-01-01 00:00:00', TRUE)
INSERT INTO task_task_category (TASK_TASK_ID, TASK_CATEGORY) VALUES ('55', 'TRAINING')

INSERT INTO task (TASK_ID, TASK_START, TASK_END, CREATE_USER_USERNAME, CREATE_DATE, ENABLED) VALUES ('56', '2020-05-06 00:13:00', '2020-05-06 00:15:00', 'user030', '2020-01-01 00:00:00', TRUE)
INSERT INTO task_task_category (TASK_TASK_ID, TASK_CATEGORY) VALUES ('56', 'BREAK')

INSERT INTO task (TASK_ID, TASK_START, TASK_END, CREATE_USER_USERNAME, CREATE_DATE, ENABLED) VALUES ('57', '2020-05-07 00:08:00', '2020-05-07 00:10:00', 'user030', '2020-01-01 00:00:00', TRUE)
INSERT INTO task_task_category (TASK_TASK_ID, TASK_CATEGORY) VALUES ('57', 'CONCEPTION')

INSERT INTO task (TASK_ID, TASK_START, TASK_END, CREATE_USER_USERNAME, CREATE_DATE, ENABLED) VALUES ('58', '2020-05-07 00:10:00', '2020-05-07 00:12:00', 'user030', '2020-01-01 00:00:00', TRUE)
INSERT INTO task_task_category (TASK_TASK_ID, TASK_CATEGORY) VALUES ('58', 'IMPLEMENTATION')



--- team 1 data for april
INSERT INTO task (TASK_ID, TASK_START, TASK_END, CREATE_USER_USERNAME, CREATE_DATE, ENABLED) VALUES ('59', '2020-04-06 00:10:00', '2020-04-06 00:13:00', 'user030', '2020-01-01 00:00:00', TRUE)
INSERT INTO task_task_category (TASK_TASK_ID, TASK_CATEGORY) VALUES ('59', 'TRAINING')

INSERT INTO task (TASK_ID, TASK_START, TASK_END, CREATE_USER_USERNAME, CREATE_DATE, ENABLED) VALUES ('60', '2020-04-06 00:13:00', '2020-04-06 00:15:00', 'user030', '2020-01-01 00:00:00', TRUE)
INSERT INTO task_task_category (TASK_TASK_ID, TASK_CATEGORY) VALUES ('60', 'BREAK')

INSERT INTO task (TASK_ID, TASK_START, TASK_END, CREATE_USER_USERNAME, CREATE_DATE, ENABLED) VALUES ('61', '2020-04-07 00:08:00', '2020-04-07 00:10:00', 'user030', '2020-01-01 00:00:00', TRUE)
INSERT INTO task_task_category (TASK_TASK_ID, TASK_CATEGORY) VALUES ('61', 'CONCEPTION')

INSERT INTO task (TASK_ID, TASK_START, TASK_END, CREATE_USER_USERNAME, CREATE_DATE, ENABLED) VALUES ('62', '2020-04-07 00:10:00', '2020-04-07 00:12:00', 'user030', '2020-01-01 00:00:00', TRUE)
INSERT INTO task_task_category (TASK_TASK_ID, TASK_CATEGORY) VALUES ('62', 'IMPLEMENTATION')



INSERT INTO task (TASK_ID, TASK_START, TASK_END, CREATE_USER_USERNAME, CREATE_DATE, ENABLED) VALUES ('63', '2020-04-06 00:10:00', '2020-04-06 00:13:00', 'user64', '2020-01-01 00:00:00', TRUE)
INSERT INTO task_task_category (TASK_TASK_ID, TASK_CATEGORY) VALUES ('63', 'TRAINING')

INSERT INTO task (TASK_ID, TASK_START, TASK_END, CREATE_USER_USERNAME, CREATE_DATE, ENABLED) VALUES ('64', '2020-04-06 00:13:00', '2020-04-06 00:15:00', 'user64', '2020-01-01 00:00:00', TRUE)
INSERT INTO task_task_category (TASK_TASK_ID, TASK_CATEGORY) VALUES ('64', 'BREAK')

INSERT INTO task (TASK_ID, TASK_START, TASK_END, CREATE_USER_USERNAME, CREATE_DATE, ENABLED) VALUES ('65', '2020-04-07 00:08:00', '2020-04-07 00:10:00', 'user64', '2020-01-01 00:00:00', TRUE)
INSERT INTO task_task_category (TASK_TASK_ID, TASK_CATEGORY) VALUES ('65', 'CONCEPTION')

INSERT INTO task (TASK_ID, TASK_START, TASK_END, CREATE_USER_USERNAME, CREATE_DATE, ENABLED) VALUES ('66', '2020-04-07 00:10:00', '2020-04-07 00:12:00', 'user64', '2020-01-01 00:00:00', TRUE)
INSERT INTO task_task_category (TASK_TASK_ID, TASK_CATEGORY) VALUES ('66', 'IMPLEMENTATION')



INSERT INTO task (TASK_ID, TASK_START, TASK_END, CREATE_USER_USERNAME, CREATE_DATE, ENABLED) VALUES ('67', '2020-04-06 00:10:00', '2020-04-06 00:13:00', 'user63', '2020-01-01 00:00:00', TRUE)
INSERT INTO task_task_category (TASK_TASK_ID, TASK_CATEGORY) VALUES ('67', 'TRAINING')

INSERT INTO task (TASK_ID, TASK_START, TASK_END, CREATE_USER_USERNAME, CREATE_DATE, ENABLED) VALUES ('68', '2020-04-06 00:13:00', '2020-04-06 00:15:00', 'user63', '2020-01-01 00:00:00', TRUE)
INSERT INTO task_task_category (TASK_TASK_ID, TASK_CATEGORY) VALUES ('68', 'BREAK')

INSERT INTO task (TASK_ID, TASK_START, TASK_END, CREATE_USER_USERNAME, CREATE_DATE, ENABLED) VALUES ('69', '2020-04-07 00:08:00', '2020-04-07 00:10:00', 'user63', '2020-01-01 00:00:00', TRUE)
INSERT INTO task_task_category (TASK_TASK_ID, TASK_CATEGORY) VALUES ('69', 'CONCEPTION')

INSERT INTO task (TASK_ID, TASK_START, TASK_END, CREATE_USER_USERNAME, CREATE_DATE, ENABLED) VALUES ('70', '2020-04-07 00:10:00', '2020-04-07 00:12:00', 'user63', '2020-01-01 00:00:00', TRUE)
INSERT INTO task_task_category (TASK_TASK_ID, TASK_CATEGORY) VALUES ('70', 'IMPLEMENTATION')



INSERT INTO task (TASK_ID, TASK_START, TASK_END, CREATE_USER_USERNAME, CREATE_DATE, ENABLED) VALUES ('71', '2020-04-06 00:10:00', '2020-04-06 00:13:00', 'user62', '2020-01-01 00:00:00', TRUE)
INSERT INTO task_task_category (TASK_TASK_ID, TASK_CATEGORY) VALUES ('71', 'TRAINING')

INSERT INTO task (TASK_ID, TASK_START, TASK_END, CREATE_USER_USERNAME, CREATE_DATE, ENABLED) VALUES ('72', '2020-04-06 00:13:00', '2020-04-06 00:15:00', 'user62', '2020-01-01 00:00:00', TRUE)
INSERT INTO task_task_category (TASK_TASK_ID, TASK_CATEGORY) VALUES ('72', 'BREAK')

INSERT INTO task (TASK_ID, TASK_START, TASK_END, CREATE_USER_USERNAME, CREATE_DATE, ENABLED) VALUES ('73', '2020-04-07 00:08:00', '2020-04-07 00:10:00', 'user62', '2020-01-01 00:00:00', TRUE)
INSERT INTO task_task_category (TASK_TASK_ID, TASK_CATEGORY) VALUES ('73', 'CONCEPTION')

INSERT INTO task (TASK_ID, TASK_START, TASK_END, CREATE_USER_USERNAME, CREATE_DATE, ENABLED) VALUES ('74', '2020-04-07 00:10:00', '2020-04-07 00:12:00', 'user62', '2020-01-01 00:00:00', TRUE)
INSERT INTO task_task_category (TASK_TASK_ID, TASK_CATEGORY) VALUES ('74', 'IMPLEMENTATION')



INSERT INTO task (TASK_ID, TASK_START, TASK_END, CREATE_USER_USERNAME, CREATE_DATE, ENABLED) VALUES ('75', '2020-04-06 00:10:00', '2020-04-06 00:13:00', 'user61', '2020-01-01 00:00:00', TRUE)
INSERT INTO task_task_category (TASK_TASK_ID, TASK_CATEGORY) VALUES ('75', 'TRAINING')

INSERT INTO task (TASK_ID, TASK_START, TASK_END, CREATE_USER_USERNAME, CREATE_DATE, ENABLED) VALUES ('76', '2020-04-06 00:13:00', '2020-04-06 00:15:00', 'user61', '2020-01-01 00:00:00', TRUE)
INSERT INTO task_task_category (TASK_TASK_ID, TASK_CATEGORY) VALUES ('76', 'BREAK')

INSERT INTO task (TASK_ID, TASK_START, TASK_END, CREATE_USER_USERNAME, CREATE_DATE, ENABLED) VALUES ('77', '2020-04-07 00:08:00', '2020-04-07 00:10:00', 'user61', '2020-01-01 00:00:00', TRUE)
INSERT INTO task_task_category (TASK_TASK_ID, TASK_CATEGORY) VALUES ('77', 'CONCEPTION')

INSERT INTO task (TASK_ID, TASK_START, TASK_END, CREATE_USER_USERNAME, CREATE_DATE, ENABLED) VALUES ('78', '2020-04-07 00:10:00', '2020-04-07 00:12:00', 'user61', '2020-01-01 00:00:00', TRUE)
INSERT INTO task_task_category (TASK_TASK_ID, TASK_CATEGORY) VALUES ('78', 'IMPLEMENTATION')



--- team 2 data for april
INSERT INTO task (TASK_ID, TASK_START, TASK_END, CREATE_USER_USERNAME, CREATE_DATE, ENABLED) VALUES ('79', '2020-04-06 00:10:00', '2020-04-06 00:13:00', 'user031', '2020-01-01 00:00:00', TRUE)
INSERT INTO task_task_category (TASK_TASK_ID, TASK_CATEGORY) VALUES ('79', 'TESTING')

INSERT INTO task (TASK_ID, TASK_START, TASK_END, CREATE_USER_USERNAME, CREATE_DATE, ENABLED) VALUES ('80', '2020-04-06 00:13:00', '2020-04-06 00:17:00', 'user031', '2020-01-01 00:00:00', TRUE)
INSERT INTO task_task_category (TASK_TASK_ID, TASK_CATEGORY) VALUES ('80', 'DOCUMENTATION')

INSERT INTO task (TASK_ID, TASK_START, TASK_END, CREATE_USER_USERNAME, CREATE_DATE, ENABLED) VALUES ('81', '2020-04-07 00:08:00', '2020-04-07 00:10:00', 'user031', '2020-01-01 00:00:00', TRUE)
INSERT INTO task_task_category (TASK_TASK_ID, TASK_CATEGORY) VALUES ('81', 'ERROR_ANALYSIS')

INSERT INTO task (TASK_ID, TASK_START, TASK_END, CREATE_USER_USERNAME, CREATE_DATE, ENABLED) VALUES ('82', '2020-04-07 00:10:00', '2020-04-07 00:15:30', 'user031', '2020-01-01 00:00:00', TRUE)
INSERT INTO task_task_category (TASK_TASK_ID, TASK_CATEGORY) VALUES ('82', 'MEETING')



INSERT INTO task (TASK_ID, TASK_START, TASK_END, CREATE_USER_USERNAME, CREATE_DATE, ENABLED) VALUES ('83', '2020-04-06 00:10:00', '2020-04-06 00:13:00', 'user031', '2020-01-01 00:00:00', TRUE)
INSERT INTO task_task_category (TASK_TASK_ID, TASK_CATEGORY) VALUES ('83', 'TESTING')

INSERT INTO task (TASK_ID, TASK_START, TASK_END, CREATE_USER_USERNAME, CREATE_DATE, ENABLED) VALUES ('84', '2020-04-06 00:13:00', '2020-04-06 00:17:00', 'user031', '2020-01-01 00:00:00', TRUE)
INSERT INTO task_task_category (TASK_TASK_ID, TASK_CATEGORY) VALUES ('84', 'DOCUMENTATION')

INSERT INTO task (TASK_ID, TASK_START, TASK_END, CREATE_USER_USERNAME, CREATE_DATE, ENABLED) VALUES ('85', '2020-04-07 00:08:00', '2020-04-07 00:10:00', 'user031', '2020-01-01 00:00:00', TRUE)
INSERT INTO task_task_category (TASK_TASK_ID, TASK_CATEGORY) VALUES ('85', 'ERROR_ANALYSIS')

INSERT INTO task (TASK_ID, TASK_START, TASK_END, CREATE_USER_USERNAME, CREATE_DATE, ENABLED) VALUES ('86', '2020-04-07 00:10:00', '2020-04-07 00:15:30', 'user031', '2020-01-01 00:00:00', TRUE)
INSERT INTO task_task_category (TASK_TASK_ID, TASK_CATEGORY) VALUES ('86', 'MEETING')



INSERT INTO task (TASK_ID, TASK_START, TASK_END, CREATE_USER_USERNAME, CREATE_DATE, ENABLED) VALUES ('87', '2020-04-06 00:10:00', '2020-04-06 00:13:00', 'user031', '2020-01-01 00:00:00', TRUE)
INSERT INTO task_task_category (TASK_TASK_ID, TASK_CATEGORY) VALUES ('87', 'TESTING')

INSERT INTO task (TASK_ID, TASK_START, TASK_END, CREATE_USER_USERNAME, CREATE_DATE, ENABLED) VALUES ('88', '2020-04-06 00:13:00', '2020-04-06 00:17:00', 'user031', '2020-01-01 00:00:00', TRUE)
INSERT INTO task_task_category (TASK_TASK_ID, TASK_CATEGORY) VALUES ('88', 'DOCUMENTATION')

INSERT INTO task (TASK_ID, TASK_START, TASK_END, CREATE_USER_USERNAME, CREATE_DATE, ENABLED) VALUES ('89', '2020-04-07 00:08:00', '2020-04-07 00:10:00', 'user031', '2020-01-01 00:00:00', TRUE)
INSERT INTO task_task_category (TASK_TASK_ID, TASK_CATEGORY) VALUES ('89', 'ERROR_ANALYSIS')

INSERT INTO task (TASK_ID, TASK_START, TASK_END, CREATE_USER_USERNAME, CREATE_DATE, ENABLED) VALUES ('90', '2020-04-07 00:10:00', '2020-04-07 00:15:30', 'user031', '2020-01-01 00:00:00', TRUE)
INSERT INTO task_task_category (TASK_TASK_ID, TASK_CATEGORY) VALUES ('90', 'MEETING')



INSERT INTO task (TASK_ID, TASK_START, TASK_END, CREATE_USER_USERNAME, CREATE_DATE, ENABLED) VALUES ('91', '2020-04-06 00:10:00', '2020-04-06 00:13:00', 'user031', '2020-01-01 00:00:00', TRUE)
INSERT INTO task_task_category (TASK_TASK_ID, TASK_CATEGORY) VALUES ('91', 'TESTING')

INSERT INTO task (TASK_ID, TASK_START, TASK_END, CREATE_USER_USERNAME, CREATE_DATE, ENABLED) VALUES ('92', '2020-04-06 00:13:00', '2020-04-06 00:17:00', 'user031', '2020-01-01 00:00:00', TRUE)
INSERT INTO task_task_category (TASK_TASK_ID, TASK_CATEGORY) VALUES ('92', 'DOCUMENTATION')

INSERT INTO task (TASK_ID, TASK_START, TASK_END, CREATE_USER_USERNAME, CREATE_DATE, ENABLED) VALUES ('93', '2020-04-07 00:08:00', '2020-04-07 00:10:00', 'user031', '2020-01-01 00:00:00', TRUE)
INSERT INTO task_task_category (TASK_TASK_ID, TASK_CATEGORY) VALUES ('93', 'ERROR_ANALYSIS')

INSERT INTO task (TASK_ID, TASK_START, TASK_END, CREATE_USER_USERNAME, CREATE_DATE, ENABLED) VALUES ('94', '2020-04-07 00:10:00', '2020-04-07 00:15:30', 'user031', '2020-01-01 00:00:00', TRUE)
INSERT INTO task_task_category (TASK_TASK_ID, TASK_CATEGORY) VALUES ('94', 'MEETING')



INSERT INTO task (TASK_ID, TASK_START, TASK_END, CREATE_USER_USERNAME, CREATE_DATE, ENABLED) VALUES ('95', '2020-04-06 00:10:00', '2020-04-06 00:13:00', 'user031', '2020-01-01 00:00:00', TRUE)
INSERT INTO task_task_category (TASK_TASK_ID, TASK_CATEGORY) VALUES ('95', 'TESTING')

INSERT INTO task (TASK_ID, TASK_START, TASK_END, CREATE_USER_USERNAME, CREATE_DATE, ENABLED) VALUES ('96', '2020-04-06 00:13:00', '2020-04-06 00:17:00', 'user031', '2020-01-01 00:00:00', TRUE)
INSERT INTO task_task_category (TASK_TASK_ID, TASK_CATEGORY) VALUES ('96', 'DOCUMENTATION')

INSERT INTO task (TASK_ID, TASK_START, TASK_END, CREATE_USER_USERNAME, CREATE_DATE, ENABLED) VALUES ('97', '2020-04-07 00:08:00', '2020-04-07 00:10:00', 'user031', '2020-01-01 00:00:00', TRUE)
INSERT INTO task_task_category (TASK_TASK_ID, TASK_CATEGORY) VALUES ('97', 'ERROR_ANALYSIS')

INSERT INTO task (TASK_ID, TASK_START, TASK_END, CREATE_USER_USERNAME, CREATE_DATE, ENABLED) VALUES ('98', '2020-04-07 00:10:00', '2020-04-07 00:15:30', 'user031', '2020-01-01 00:00:00', TRUE)
INSERT INTO task_task_category (TASK_TASK_ID, TASK_CATEGORY) VALUES ('98', 'MEETING')

INSERT INTO task (TASK_ID, TASK_START, TASK_END, CREATE_USER_USERNAME, CREATE_DATE, ENABLED) VALUES ('99', '2020-04-07 00:10:00', '2020-04-07 00:15:30', 'user032', '2020-01-01 00:00:00', TRUE)
INSERT INTO task_task_category (TASK_TASK_ID, TASK_CATEGORY) VALUES ('99', 'MEETING')

--TASKS for Badges--
INSERT INTO task (TASK_ID, TASK_START, TASK_END, CREATE_USER_USERNAME, CREATE_DATE, ENABLED) VALUES ('100', '2020-05-10 15:00:00', '2020-05-10 18:30:00', 'user61', '2020-01-01 00:00:00', TRUE)
INSERT INTO task_task_category (TASK_TASK_ID, TASK_CATEGORY) VALUES ('100', 'CUSTOMER_MEETING')

INSERT INTO task (TASK_ID, TASK_START, TASK_END, CREATE_USER_USERNAME, CREATE_DATE, ENABLED) VALUES ('101', '2020-05-11 08:00:00', '2020-05-11 11:30:00', 'user62', '2020-01-01 00:00:00', TRUE)
INSERT INTO task_task_category (TASK_TASK_ID, TASK_CATEGORY) VALUES ('101', 'CUSTOMER_MEETING')

INSERT INTO task (TASK_ID, TASK_START, TASK_END, CREATE_USER_USERNAME, CREATE_DATE, ENABLED) VALUES ('102', '2020-05-12 08:00:00', '2020-05-12 09:30:00', 'user63', '2020-01-01 00:00:00', TRUE)
INSERT INTO task_task_category (TASK_TASK_ID, TASK_CATEGORY) VALUES ('102', 'CUSTOMER_MEETING')

INSERT INTO task (TASK_ID, TASK_START, TASK_END, CREATE_USER_USERNAME, CREATE_DATE, ENABLED) VALUES ('103', '2020-05-17 09:00:00', '2020-05-17 09:30:00', 'user64', '2020-01-01 00:00:00', TRUE)
INSERT INTO task_task_category (TASK_TASK_ID, TASK_CATEGORY) VALUES ('103', 'CUSTOMER_MEETING')



INSERT INTO task (TASK_ID, TASK_START, TASK_END, CREATE_USER_USERNAME, CREATE_DATE, ENABLED) VALUES ('104', '2020-05-13 10:30:00', '2020-05-13 12:00:00', 'user61', '2020-01-01 00:00:00', TRUE)
INSERT INTO task_task_category (TASK_TASK_ID, TASK_CATEGORY) VALUES ('104', 'ERROR_ANALYSIS')

INSERT INTO task (TASK_ID, TASK_START, TASK_END, CREATE_USER_USERNAME, CREATE_DATE, ENABLED) VALUES ('105', '2020-05-12 11:30:00', '2020-05-12 12:00:00', 'user62', '2020-01-01 00:00:00', TRUE)
INSERT INTO task_task_category (TASK_TASK_ID, TASK_CATEGORY) VALUES ('105', 'ERROR_ANALYSIS')

INSERT INTO task (TASK_ID, TASK_START, TASK_END, CREATE_USER_USERNAME, CREATE_DATE, ENABLED) VALUES ('106', '2020-05-15 9:30:00', '2020-05-15 11:00:00', 'user63', '2020-01-01 00:00:00', TRUE)
INSERT INTO task_task_category (TASK_TASK_ID, TASK_CATEGORY) VALUES ('106', 'ERROR_ANALYSIS')

INSERT INTO task (TASK_ID, TASK_START, TASK_END, CREATE_USER_USERNAME, CREATE_DATE, ENABLED) VALUES ('107', '2020-05-17 09:00:00', '2020-05-17 12:00:00', 'user64', '2020-01-01 00:00:00', TRUE)
INSERT INTO task_task_category (TASK_TASK_ID, TASK_CATEGORY) VALUES ('107', 'ERROR_ANALYSIS')



INSERT INTO task (TASK_ID, TASK_START, TASK_END, CREATE_USER_USERNAME, CREATE_DATE, ENABLED) VALUES ('108', '2020-05-13 10:30:00', '2020-05-13 12:00:00', 'user61', '2020-01-01 00:00:00', TRUE)
INSERT INTO task_task_category (TASK_TASK_ID, TASK_CATEGORY) VALUES ('108', 'TESTING')

INSERT INTO task (TASK_ID, TASK_START, TASK_END, CREATE_USER_USERNAME, CREATE_DATE, ENABLED) VALUES ('109', '2020-05-10 14:30:00', '2020-05-10 18:00:00', 'user62', '2020-01-01 00:00:00', TRUE)
INSERT INTO task_task_category (TASK_TASK_ID, TASK_CATEGORY) VALUES ('109', 'TESTING')

INSERT INTO task (TASK_ID, TASK_START, TASK_END, CREATE_USER_USERNAME, CREATE_DATE, ENABLED) VALUES ('110', '2020-05-15 9:30:00', '2020-05-15 11:00:00', 'user63', '2020-01-01 00:00:00', TRUE)
INSERT INTO task_task_category (TASK_TASK_ID, TASK_CATEGORY) VALUES ('110', 'TESTING')

INSERT INTO task (TASK_ID, TASK_START, TASK_END, CREATE_USER_USERNAME, CREATE_DATE, ENABLED) VALUES ('111', '2020-05-17 8:00:00', '2020-05-17 14:00:00', 'user64', '2020-01-01 00:00:00', TRUE)
INSERT INTO task_task_category (TASK_TASK_ID, TASK_CATEGORY) VALUES ('111', 'TESTING')



INSERT INTO task (TASK_ID, TASK_START, TASK_END, CREATE_USER_USERNAME, CREATE_DATE, ENABLED) VALUES ('112', '2020-05-16 10:30:00', '2020-05-16 16:00:00', 'user61', '2020-01-01 00:00:00', TRUE)
INSERT INTO task_task_category (TASK_TASK_ID, TASK_CATEGORY) VALUES ('112', 'DESIGN')

INSERT INTO task (TASK_ID, TASK_START, TASK_END, CREATE_USER_USERNAME, CREATE_DATE, ENABLED) VALUES ('113', '2020-05-10 14:30:00', '2020-05-10 18:00:00', 'user62', '2020-01-01 00:00:00', TRUE)
INSERT INTO task_task_category (TASK_TASK_ID, TASK_CATEGORY) VALUES ('113', 'DESIGN')

INSERT INTO task (TASK_ID, TASK_START, TASK_END, CREATE_USER_USERNAME, CREATE_DATE, ENABLED) VALUES ('114', '2020-05-15 9:30:00', '2020-05-15 11:00:00', 'user63', '2020-01-01 00:00:00', TRUE)
INSERT INTO task_task_category (TASK_TASK_ID, TASK_CATEGORY) VALUES ('114', 'DESIGN')

INSERT INTO task (TASK_ID, TASK_START, TASK_END, CREATE_USER_USERNAME, CREATE_DATE, ENABLED) VALUES ('115', '2020-05-17 09:00:00', '2020-05-17 12:00:00', 'user64', '2020-01-01 00:00:00', TRUE)
INSERT INTO task_task_category (TASK_TASK_ID, TASK_CATEGORY) VALUES ('115', 'DESIGN')


INSERT INTO task (TASK_ID, TASK_START, TASK_END, CREATE_USER_USERNAME, CREATE_DATE, ENABLED) VALUES ('116', '2020-05-16 10:30:00', '2020-05-16 16:00:00', 'user61', '2020-01-01 00:00:00', TRUE)
INSERT INTO task_task_category (TASK_TASK_ID, TASK_CATEGORY) VALUES ('116', 'IMPLEMENTATION')

INSERT INTO task (TASK_ID, TASK_START, TASK_END, CREATE_USER_USERNAME, CREATE_DATE, ENABLED) VALUES ('117', '2020-05-11 12:30:00', '2020-05-11 19:00:00', 'user62', '2020-01-01 00:00:00', TRUE)
INSERT INTO task_task_category (TASK_TASK_ID, TASK_CATEGORY) VALUES ('117', 'IMPLEMENTATION')

INSERT INTO task (TASK_ID, TASK_START, TASK_END, CREATE_USER_USERNAME, CREATE_DATE, ENABLED) VALUES ('118', '2020-05-15 9:30:00', '2020-05-15 11:00:00', 'user63', '2020-01-01 00:00:00', TRUE)
INSERT INTO task_task_category (TASK_TASK_ID, TASK_CATEGORY) VALUES ('118', 'IMPLEMENTATION')

INSERT INTO task (TASK_ID, TASK_START, TASK_END, CREATE_USER_USERNAME, CREATE_DATE, ENABLED) VALUES ('119', '2020-05-17 09:00:00', '2020-05-17 12:00:00', 'user64', '2020-01-01 00:00:00', TRUE)
INSERT INTO task_task_category (TASK_TASK_ID, TASK_CATEGORY) VALUES ('119', 'IMPLEMENTATION')


INSERT INTO task (TASK_ID, TASK_START, TASK_END, CREATE_USER_USERNAME, CREATE_DATE, ENABLED) VALUES ('120', '2020-05-18 15:00:00', '2020-05-18 18:30:00', 'user61', '2020-01-01 00:00:00', TRUE)
INSERT INTO task_task_category (TASK_TASK_ID, TASK_CATEGORY) VALUES ('120', 'CUSTOMER_MEETING')

INSERT INTO task (TASK_ID, TASK_START, TASK_END, CREATE_USER_USERNAME, CREATE_DATE, ENABLED) VALUES ('121', '2020-05-19 08:00:00', '2020-05-19 11:30:00', 'user62', '2020-01-01 00:00:00', TRUE)
INSERT INTO task_task_category (TASK_TASK_ID, TASK_CATEGORY) VALUES ('121', 'CUSTOMER_MEETING')

INSERT INTO task (TASK_ID, TASK_START, TASK_END, CREATE_USER_USERNAME, CREATE_DATE, ENABLED) VALUES ('122', '2020-05-20 08:00:00', '2020-05-20 09:30:00', 'user63', '2020-01-01 00:00:00', TRUE)
INSERT INTO task_task_category (TASK_TASK_ID, TASK_CATEGORY) VALUES ('122', 'CUSTOMER_MEETING')

INSERT INTO task (TASK_ID, TASK_START, TASK_END, CREATE_USER_USERNAME, CREATE_DATE, ENABLED) VALUES ('123', '2020-05-22 09:00:00', '2020-05-22 09:30:00', 'user64', '2020-01-01 00:00:00', TRUE)
INSERT INTO task_task_category (TASK_TASK_ID, TASK_CATEGORY) VALUES ('123', 'CUSTOMER_MEETING')



INSERT INTO task (TASK_ID, TASK_START, TASK_END, CREATE_USER_USERNAME, CREATE_DATE, ENABLED) VALUES ('124', '2020-05-21 10:30:00', '2020-05-21 12:00:00', 'user61', '2020-01-01 00:00:00', TRUE)
INSERT INTO task_task_category (TASK_TASK_ID, TASK_CATEGORY) VALUES ('124', 'ERROR_ANALYSIS')

INSERT INTO task (TASK_ID, TASK_START, TASK_END, CREATE_USER_USERNAME, CREATE_DATE, ENABLED) VALUES ('125', '2020-05-20 11:30:00', '2020-05-20 12:00:00', 'user62', '2020-01-01 00:00:00', TRUE)
INSERT INTO task_task_category (TASK_TASK_ID, TASK_CATEGORY) VALUES ('125', 'ERROR_ANALYSIS')

INSERT INTO task (TASK_ID, TASK_START, TASK_END, CREATE_USER_USERNAME, CREATE_DATE, ENABLED) VALUES ('126', '2020-05-19 9:30:00', '2020-05-19 11:00:00', 'user63', '2020-01-01 00:00:00', TRUE)
INSERT INTO task_task_category (TASK_TASK_ID, TASK_CATEGORY) VALUES ('126', 'ERROR_ANALYSIS')

INSERT INTO task (TASK_ID, TASK_START, TASK_END, CREATE_USER_USERNAME, CREATE_DATE, ENABLED) VALUES ('127', '2020-05-23 09:00:00', '2020-05-23 12:00:00', 'user64', '2020-01-01 00:00:00', TRUE)
INSERT INTO task_task_category (TASK_TASK_ID, TASK_CATEGORY) VALUES ('127', 'ERROR_ANALYSIS')



INSERT INTO task (TASK_ID, TASK_START, TASK_END, CREATE_USER_USERNAME, CREATE_DATE, ENABLED) VALUES ('128', '2020-05-21 10:30:00', '2020-05-21 12:00:00', 'user61', '2020-01-01 00:00:00', TRUE)
INSERT INTO task_task_category (TASK_TASK_ID, TASK_CATEGORY) VALUES ('128', 'TESTING')

INSERT INTO task (TASK_ID, TASK_START, TASK_END, CREATE_USER_USERNAME, CREATE_DATE, ENABLED) VALUES ('129', '2020-05-18 14:30:00', '2020-05-18 18:00:00', 'user62', '2020-01-01 00:00:00', TRUE)
INSERT INTO task_task_category (TASK_TASK_ID, TASK_CATEGORY) VALUES ('129', 'TESTING')

INSERT INTO task (TASK_ID, TASK_START, TASK_END, CREATE_USER_USERNAME, CREATE_DATE, ENABLED) VALUES ('130', '2020-05-20 9:30:00', '2020-05-20 11:00:00', 'user63', '2020-01-01 00:00:00', TRUE)
INSERT INTO task_task_category (TASK_TASK_ID, TASK_CATEGORY) VALUES ('130', 'TESTING')

INSERT INTO task (TASK_ID, TASK_START, TASK_END, CREATE_USER_USERNAME, CREATE_DATE, ENABLED) VALUES ('131', '2020-05-23 8:00:00', '2020-05-23 14:00:00', 'user64', '2020-01-01 00:00:00', TRUE)
INSERT INTO task_task_category (TASK_TASK_ID, TASK_CATEGORY) VALUES ('131', 'TESTING')



INSERT INTO task (TASK_ID, TASK_START, TASK_END, CREATE_USER_USERNAME, CREATE_DATE, ENABLED) VALUES ('132', '2020-05-22 10:30:00', '2020-05-22 16:00:00', 'user61', '2020-01-01 00:00:00', TRUE)
INSERT INTO task_task_category (TASK_TASK_ID, TASK_CATEGORY) VALUES ('132', 'DESIGN')

INSERT INTO task (TASK_ID, TASK_START, TASK_END, CREATE_USER_USERNAME, CREATE_DATE, ENABLED) VALUES ('133', '2020-05-18 14:30:00', '2020-05-18 18:00:00', 'user62', '2020-01-01 00:00:00', TRUE)
INSERT INTO task_task_category (TASK_TASK_ID, TASK_CATEGORY) VALUES ('133', 'DESIGN')

INSERT INTO task (TASK_ID, TASK_START, TASK_END, CREATE_USER_USERNAME, CREATE_DATE, ENABLED) VALUES ('134', '2020-05-21 9:30:00', '2020-05-21 11:00:00', 'user63', '2020-01-01 00:00:00', TRUE)
INSERT INTO task_task_category (TASK_TASK_ID, TASK_CATEGORY) VALUES ('134', 'DESIGN')

INSERT INTO task (TASK_ID, TASK_START, TASK_END, CREATE_USER_USERNAME, CREATE_DATE, ENABLED) VALUES ('135', '2020-05-23 09:00:00', '2020-05-23 12:00:00', 'user64', '2020-01-01 00:00:00', TRUE)
INSERT INTO task_task_category (TASK_TASK_ID, TASK_CATEGORY) VALUES ('135', 'DESIGN')


INSERT INTO task (TASK_ID, TASK_START, TASK_END, CREATE_USER_USERNAME, CREATE_DATE, ENABLED) VALUES ('136', '2020-05-22 10:30:00', '2020-05-22 16:00:00', 'user61', '2020-01-01 00:00:00', TRUE)
INSERT INTO task_task_category (TASK_TASK_ID, TASK_CATEGORY) VALUES ('136', 'IMPLEMENTATION')

INSERT INTO task (TASK_ID, TASK_START, TASK_END, CREATE_USER_USERNAME, CREATE_DATE, ENABLED) VALUES ('137', '2020-05-19 12:30:00', '2020-05-19 19:00:00', 'user62', '2020-01-01 00:00:00', TRUE)
INSERT INTO task_task_category (TASK_TASK_ID, TASK_CATEGORY) VALUES ('137', 'IMPLEMENTATION')

INSERT INTO task (TASK_ID, TASK_START, TASK_END, CREATE_USER_USERNAME, CREATE_DATE, ENABLED) VALUES ('138', '2020-05-21 9:30:00', '2020-05-21 11:00:00', 'user63', '2020-01-01 00:00:00', TRUE)
INSERT INTO task_task_category (TASK_TASK_ID, TASK_CATEGORY) VALUES ('138', 'IMPLEMENTATION')

INSERT INTO task (TASK_ID, TASK_START, TASK_END, CREATE_USER_USERNAME, CREATE_DATE, ENABLED) VALUES ('139', '2020-05-23 09:00:00', '2020-05-23 12:00:00', 'user64', '2020-01-01 00:00:00', TRUE)
INSERT INTO task_task_category (TASK_TASK_ID, TASK_CATEGORY) VALUES ('139', 'IMPLEMENTATION')


INSERT INTO task (TASK_ID, TASK_START, TASK_END, CREATE_USER_USERNAME, CREATE_DATE, ENABLED) VALUES ('140', '2020-05-25 15:00:00', '2020-05-25 18:30:00', 'user61', '2020-01-01 00:00:00', TRUE)
INSERT INTO task_task_category (TASK_TASK_ID, TASK_CATEGORY) VALUES ('140', 'CUSTOMER_MEETING')

INSERT INTO task (TASK_ID, TASK_START, TASK_END, CREATE_USER_USERNAME, CREATE_DATE, ENABLED) VALUES ('141', '2020-05-26 08:00:00', '2020-05-26 11:30:00', 'user62', '2020-01-01 00:00:00', TRUE)
INSERT INTO task_task_category (TASK_TASK_ID, TASK_CATEGORY) VALUES ('141', 'CUSTOMER_MEETING')

INSERT INTO task (TASK_ID, TASK_START, TASK_END, CREATE_USER_USERNAME, CREATE_DATE, ENABLED) VALUES ('142', '2020-05-27 08:00:00', '2020-05-27 09:30:00', 'user63', '2020-01-01 00:00:00', TRUE)
INSERT INTO task_task_category (TASK_TASK_ID, TASK_CATEGORY) VALUES ('142', 'CUSTOMER_MEETING')

INSERT INTO task (TASK_ID, TASK_START, TASK_END, CREATE_USER_USERNAME, CREATE_DATE, ENABLED) VALUES ('143', '2020-05-25 09:00:00', '2020-05-25 09:30:00', 'user64', '2020-01-01 00:00:00', TRUE)
INSERT INTO task_task_category (TASK_TASK_ID, TASK_CATEGORY) VALUES ('143', 'CUSTOMER_MEETING')



INSERT INTO task (TASK_ID, TASK_START, TASK_END, CREATE_USER_USERNAME, CREATE_DATE, ENABLED) VALUES ('144', '2020-05-27 10:30:00', '2020-05-27 12:00:00', 'user61', '2020-01-01 00:00:00', TRUE)
INSERT INTO task_task_category (TASK_TASK_ID, TASK_CATEGORY) VALUES ('144', 'ERROR_ANALYSIS')

INSERT INTO task (TASK_ID, TASK_START, TASK_END, CREATE_USER_USERNAME, CREATE_DATE, ENABLED) VALUES ('145', '2020-05-26 11:30:00', '2020-05-26 12:00:00', 'user62', '2020-01-01 00:00:00', TRUE)
INSERT INTO task_task_category (TASK_TASK_ID, TASK_CATEGORY) VALUES ('145', 'ERROR_ANALYSIS')

INSERT INTO task (TASK_ID, TASK_START, TASK_END, CREATE_USER_USERNAME, CREATE_DATE, ENABLED) VALUES ('146', '2020-05-28 9:30:00', '2020-05-28 11:00:00', 'user63', '2020-01-01 00:00:00', TRUE)
INSERT INTO task_task_category (TASK_TASK_ID, TASK_CATEGORY) VALUES ('146', 'ERROR_ANALYSIS')

INSERT INTO task (TASK_ID, TASK_START, TASK_END, CREATE_USER_USERNAME, CREATE_DATE, ENABLED) VALUES ('147', '2020-05-29 09:00:00', '2020-05-29 12:00:00', 'user64', '2020-01-01 00:00:00', TRUE)
INSERT INTO task_task_category (TASK_TASK_ID, TASK_CATEGORY) VALUES ('147', 'ERROR_ANALYSIS')



INSERT INTO task (TASK_ID, TASK_START, TASK_END, CREATE_USER_USERNAME, CREATE_DATE, ENABLED) VALUES ('148', '2020-05-25 10:30:00', '2020-05-25 12:00:00', 'user61', '2020-01-01 00:00:00', TRUE)
INSERT INTO task_task_category (TASK_TASK_ID, TASK_CATEGORY) VALUES ('148', 'TESTING')

INSERT INTO task (TASK_ID, TASK_START, TASK_END, CREATE_USER_USERNAME, CREATE_DATE, ENABLED) VALUES ('149', '2020-05-25 14:30:00', '2020-05-25 18:00:00', 'user62', '2020-01-01 00:00:00', TRUE)
INSERT INTO task_task_category (TASK_TASK_ID, TASK_CATEGORY) VALUES ('149', 'TESTING')

INSERT INTO task (TASK_ID, TASK_START, TASK_END, CREATE_USER_USERNAME, CREATE_DATE, ENABLED) VALUES ('150', '2020-05-29 9:30:00', '2020-05-29 11:00:00', 'user63', '2020-01-01 00:00:00', TRUE)
INSERT INTO task_task_category (TASK_TASK_ID, TASK_CATEGORY) VALUES ('150', 'TESTING')

INSERT INTO task (TASK_ID, TASK_START, TASK_END, CREATE_USER_USERNAME, CREATE_DATE, ENABLED) VALUES ('151', '2020-05-27 8:00:00', '2020-05-27 14:00:00', 'user64', '2020-01-01 00:00:00', TRUE)
INSERT INTO task_task_category (TASK_TASK_ID, TASK_CATEGORY) VALUES ('151', 'TESTING')



INSERT INTO task (TASK_ID, TASK_START, TASK_END, CREATE_USER_USERNAME, CREATE_DATE, ENABLED) VALUES ('152', '2020-05-25 10:30:00', '2020-05-25 16:00:00', 'user61', '2020-01-01 00:00:00', TRUE)
INSERT INTO task_task_category (TASK_TASK_ID, TASK_CATEGORY) VALUES ('152', 'DESIGN')

INSERT INTO task (TASK_ID, TASK_START, TASK_END, CREATE_USER_USERNAME, CREATE_DATE, ENABLED) VALUES ('153', '2020-05-26 14:30:00', '2020-05-26 18:00:00', 'user62', '2020-01-01 00:00:00', TRUE)
INSERT INTO task_task_category (TASK_TASK_ID, TASK_CATEGORY) VALUES ('153', 'DESIGN')

INSERT INTO task (TASK_ID, TASK_START, TASK_END, CREATE_USER_USERNAME, CREATE_DATE, ENABLED) VALUES ('154', '2020-05-27 9:30:00', '2020-05-27 11:00:00', 'user63', '2020-01-01 00:00:00', TRUE)
INSERT INTO task_task_category (TASK_TASK_ID, TASK_CATEGORY) VALUES ('154', 'DESIGN')

INSERT INTO task (TASK_ID, TASK_START, TASK_END, CREATE_USER_USERNAME, CREATE_DATE, ENABLED) VALUES ('155', '2020-05-28 09:00:00', '2020-05-28 12:00:00', 'user64', '2020-01-01 00:00:00', TRUE)
INSERT INTO task_task_category (TASK_TASK_ID, TASK_CATEGORY) VALUES ('155', 'DESIGN')


INSERT INTO task (TASK_ID, TASK_START, TASK_END, CREATE_USER_USERNAME, CREATE_DATE, ENABLED) VALUES ('156', '2020-05-29 10:30:00', '2020-05-29 16:00:00', 'user61', '2020-01-01 00:00:00', TRUE)
INSERT INTO task_task_category (TASK_TASK_ID, TASK_CATEGORY) VALUES ('156', 'IMPLEMENTATION')

INSERT INTO task (TASK_ID, TASK_START, TASK_END, CREATE_USER_USERNAME, CREATE_DATE, ENABLED) VALUES ('157', '2020-05-28 12:30:00', '2020-05-28 19:00:00', 'user62', '2020-01-01 00:00:00', TRUE)
INSERT INTO task_task_category (TASK_TASK_ID, TASK_CATEGORY) VALUES ('157', 'IMPLEMENTATION')

INSERT INTO task (TASK_ID, TASK_START, TASK_END, CREATE_USER_USERNAME, CREATE_DATE, ENABLED) VALUES ('158', '2020-05-27 9:30:00', '2020-05-27 11:00:00', 'user63', '2020-01-01 00:00:00', TRUE)
INSERT INTO task_task_category (TASK_TASK_ID, TASK_CATEGORY) VALUES ('158', 'IMPLEMENTATION')

INSERT INTO task (TASK_ID, TASK_START, TASK_END, CREATE_USER_USERNAME, CREATE_DATE, ENABLED) VALUES ('159', '2020-05-29 09:00:00', '2020-05-29 12:00:00', 'user64', '2020-01-01 00:00:00', TRUE)
INSERT INTO task_task_category (TASK_TASK_ID, TASK_CATEGORY) VALUES ('159', 'IMPLEMENTATION')



INSERT INTO task (TASK_ID, TASK_START, TASK_END, CREATE_USER_USERNAME, CREATE_DATE, ENABLED) VALUES ('160', '2020-06-02 15:00:00', '2020-06-02 18:30:00', 'user61', '2020-01-01 00:00:00', TRUE)
INSERT INTO task_task_category (TASK_TASK_ID, TASK_CATEGORY) VALUES ('160', 'CUSTOMER_MEETING')

INSERT INTO task (TASK_ID, TASK_START, TASK_END, CREATE_USER_USERNAME, CREATE_DATE, ENABLED) VALUES ('161', '2020-06-03 08:00:00', '2020-06-03 11:30:00', 'user62', '2020-01-01 00:00:00', TRUE)
INSERT INTO task_task_category (TASK_TASK_ID, TASK_CATEGORY) VALUES ('161', 'CUSTOMER_MEETING')

INSERT INTO task (TASK_ID, TASK_START, TASK_END, CREATE_USER_USERNAME, CREATE_DATE, ENABLED) VALUES ('162', '2020-06-04 08:00:00', '2020-06-04 09:30:00', 'user63', '2020-01-01 00:00:00', TRUE)
INSERT INTO task_task_category (TASK_TASK_ID, TASK_CATEGORY) VALUES ('162', 'CUSTOMER_MEETING')

INSERT INTO task (TASK_ID, TASK_START, TASK_END, CREATE_USER_USERNAME, CREATE_DATE, ENABLED) VALUES ('163', '2020-06-05 09:00:00', '2020-06-05 09:30:00', 'user64', '2020-01-01 00:00:00', TRUE)
INSERT INTO task_task_category (TASK_TASK_ID, TASK_CATEGORY) VALUES ('163', 'CUSTOMER_MEETING')



INSERT INTO task (TASK_ID, TASK_START, TASK_END, CREATE_USER_USERNAME, CREATE_DATE, ENABLED) VALUES ('164', '2020-06-02 10:30:00', '2020-06-02 12:00:00', 'user61', '2020-01-01 00:00:00', TRUE)
INSERT INTO task_task_category (TASK_TASK_ID, TASK_CATEGORY) VALUES ('164', 'ERROR_ANALYSIS')

INSERT INTO task (TASK_ID, TASK_START, TASK_END, CREATE_USER_USERNAME, CREATE_DATE, ENABLED) VALUES ('165', '2020-06-03 11:30:00', '2020-06-03 12:00:00', 'user62', '2020-01-01 00:00:00', TRUE)
INSERT INTO task_task_category (TASK_TASK_ID, TASK_CATEGORY) VALUES ('165', 'ERROR_ANALYSIS')

INSERT INTO task (TASK_ID, TASK_START, TASK_END, CREATE_USER_USERNAME, CREATE_DATE, ENABLED) VALUES ('166', '2020-06-04 9:30:00', '2020-06-04 11:00:00', 'user63', '2020-01-01 00:00:00', TRUE)
INSERT INTO task_task_category (TASK_TASK_ID, TASK_CATEGORY) VALUES ('166', 'ERROR_ANALYSIS')

INSERT INTO task (TASK_ID, TASK_START, TASK_END, CREATE_USER_USERNAME, CREATE_DATE, ENABLED) VALUES ('167', '2020-06-05 09:00:00', '2020-06-05 12:00:00', 'user64', '2020-01-01 00:00:00', TRUE)
INSERT INTO task_task_category (TASK_TASK_ID, TASK_CATEGORY) VALUES ('167', 'ERROR_ANALYSIS')



INSERT INTO task (TASK_ID, TASK_START, TASK_END, CREATE_USER_USERNAME, CREATE_DATE, ENABLED) VALUES ('168', '2020-06-02 10:30:00', '2020-06-02 12:00:00', 'user61', '2020-01-01 00:00:00', TRUE)
INSERT INTO task_task_category (TASK_TASK_ID, TASK_CATEGORY) VALUES ('168', 'TESTING')

INSERT INTO task (TASK_ID, TASK_START, TASK_END, CREATE_USER_USERNAME, CREATE_DATE, ENABLED) VALUES ('169', '2020-06-03 14:30:00', '2020-06-03 18:00:00', 'user62', '2020-01-01 00:00:00', TRUE)
INSERT INTO task_task_category (TASK_TASK_ID, TASK_CATEGORY) VALUES ('169', 'TESTING')

INSERT INTO task (TASK_ID, TASK_START, TASK_END, CREATE_USER_USERNAME, CREATE_DATE, ENABLED) VALUES ('170', '2020-06-04 9:30:00', '2020-06-04 11:00:00', 'user63', '2020-01-01 00:00:00', TRUE)
INSERT INTO task_task_category (TASK_TASK_ID, TASK_CATEGORY) VALUES ('170', 'TESTING')

INSERT INTO task (TASK_ID, TASK_START, TASK_END, CREATE_USER_USERNAME, CREATE_DATE, ENABLED) VALUES ('171', '2020-06-05 8:00:00', '2020-06-05 14:00:00', 'user64', '2020-01-01 00:00:00', TRUE)
INSERT INTO task_task_category (TASK_TASK_ID, TASK_CATEGORY) VALUES ('171', 'TESTING')



INSERT INTO task (TASK_ID, TASK_START, TASK_END, CREATE_USER_USERNAME, CREATE_DATE, ENABLED) VALUES ('172', '2020-06-03 10:30:00', '2020-06-03 16:00:00', 'user61', '2020-01-01 00:00:00', TRUE)
INSERT INTO task_task_category (TASK_TASK_ID, TASK_CATEGORY) VALUES ('172', 'DESIGN')

INSERT INTO task (TASK_ID, TASK_START, TASK_END, CREATE_USER_USERNAME, CREATE_DATE, ENABLED) VALUES ('173', '2020-06-04 14:30:00', '2020-06-04 18:00:00', 'user62', '2020-01-01 00:00:00', TRUE)
INSERT INTO task_task_category (TASK_TASK_ID, TASK_CATEGORY) VALUES ('173', 'DESIGN')

INSERT INTO task (TASK_ID, TASK_START, TASK_END, CREATE_USER_USERNAME, CREATE_DATE, ENABLED) VALUES ('174', '2020-06-05 9:30:00', '2020-06-05 11:00:00', 'user63', '2020-01-01 00:00:00', TRUE)
INSERT INTO task_task_category (TASK_TASK_ID, TASK_CATEGORY) VALUES ('174', 'DESIGN')

INSERT INTO task (TASK_ID, TASK_START, TASK_END, CREATE_USER_USERNAME, CREATE_DATE, ENABLED) VALUES ('175', '2020-06-02 09:00:00', '2020-06-02 12:00:00', 'user64', '2020-01-01 00:00:00', TRUE)
INSERT INTO task_task_category (TASK_TASK_ID, TASK_CATEGORY) VALUES ('175', 'DESIGN')


INSERT INTO task (TASK_ID, TASK_START, TASK_END, CREATE_USER_USERNAME, CREATE_DATE, ENABLED) VALUES ('176', '2020-06-03 10:30:00', '2020-06-03 16:00:00', 'user61', '2020-01-01 00:00:00', TRUE)
INSERT INTO task_task_category (TASK_TASK_ID, TASK_CATEGORY) VALUES ('176', 'IMPLEMENTATION')

INSERT INTO task (TASK_ID, TASK_START, TASK_END, CREATE_USER_USERNAME, CREATE_DATE, ENABLED) VALUES ('177', '2020-06-04 12:30:00', '2020-06-04 19:00:00', 'user62', '2020-01-01 00:00:00', TRUE)
INSERT INTO task_task_category (TASK_TASK_ID, TASK_CATEGORY) VALUES ('177', 'IMPLEMENTATION')

INSERT INTO task (TASK_ID, TASK_START, TASK_END, CREATE_USER_USERNAME, CREATE_DATE, ENABLED) VALUES ('178', '2020-06-05 9:30:00', '2020-06-05 11:00:00', 'user63', '2020-01-01 00:00:00', TRUE)
INSERT INTO task_task_category (TASK_TASK_ID, TASK_CATEGORY) VALUES ('178', 'IMPLEMENTATION')

INSERT INTO task (TASK_ID, TASK_START, TASK_END, CREATE_USER_USERNAME, CREATE_DATE, ENABLED) VALUES ('179', '2020-06-02 09:00:00', '2020-06-02 12:00:00', 'user64', '2020-01-01 00:00:00', TRUE)
INSERT INTO task_task_category (TASK_TASK_ID, TASK_CATEGORY) VALUES ('179', 'IMPLEMENTATION')


INSERT INTO task (TASK_ID, TASK_START, TASK_END, CREATE_USER_USERNAME, CREATE_DATE, ENABLED) VALUES ('180', '2020-06-08 15:00:00', '2020-06-08 18:30:00', 'user61', '2020-01-01 00:00:00', TRUE)
INSERT INTO task_task_category (TASK_TASK_ID, TASK_CATEGORY) VALUES ('180', 'CUSTOMER_MEETING')

INSERT INTO task (TASK_ID, TASK_START, TASK_END, CREATE_USER_USERNAME, CREATE_DATE, ENABLED) VALUES ('181', '2020-06-12 08:00:00', '2020-06-12 11:30:00', 'user62', '2020-01-01 00:00:00', TRUE)
INSERT INTO task_task_category (TASK_TASK_ID, TASK_CATEGORY) VALUES ('181', 'CUSTOMER_MEETING')

INSERT INTO task (TASK_ID, TASK_START, TASK_END, CREATE_USER_USERNAME, CREATE_DATE, ENABLED) VALUES ('182', '2020-06-10 08:00:00', '2020-06-10 09:30:00', 'user63', '2020-01-01 00:00:00', TRUE)
INSERT INTO task_task_category (TASK_TASK_ID, TASK_CATEGORY) VALUES ('182', 'CUSTOMER_MEETING')

INSERT INTO task (TASK_ID, TASK_START, TASK_END, CREATE_USER_USERNAME, CREATE_DATE, ENABLED) VALUES ('183', '2020-06-09 09:00:00', '2020-06-09 09:30:00', 'user64', '2020-01-01 00:00:00', TRUE)
INSERT INTO task_task_category (TASK_TASK_ID, TASK_CATEGORY) VALUES ('183', 'CUSTOMER_MEETING')



INSERT INTO task (TASK_ID, TASK_START, TASK_END, CREATE_USER_USERNAME, CREATE_DATE, ENABLED) VALUES ('184', '2020-06-08 10:30:00', '2020-06-08 12:00:00', 'user61', '2020-01-01 00:00:00', TRUE)
INSERT INTO task_task_category (TASK_TASK_ID, TASK_CATEGORY) VALUES ('184', 'ERROR_ANALYSIS')

INSERT INTO task (TASK_ID, TASK_START, TASK_END, CREATE_USER_USERNAME, CREATE_DATE, ENABLED) VALUES ('185', '2020-06-12 11:30:00', '2020-06-12 12:00:00', 'user62', '2020-01-01 00:00:00', TRUE)
INSERT INTO task_task_category (TASK_TASK_ID, TASK_CATEGORY) VALUES ('185', 'ERROR_ANALYSIS')

INSERT INTO task (TASK_ID, TASK_START, TASK_END, CREATE_USER_USERNAME, CREATE_DATE, ENABLED) VALUES ('186', '2020-06-10 9:30:00', '2020-06-10 11:00:00', 'user63', '2020-01-01 00:00:00', TRUE)
INSERT INTO task_task_category (TASK_TASK_ID, TASK_CATEGORY) VALUES ('186', 'ERROR_ANALYSIS')

INSERT INTO task (TASK_ID, TASK_START, TASK_END, CREATE_USER_USERNAME, CREATE_DATE, ENABLED) VALUES ('187', '2020-06-09 09:00:00', '2020-06-09 12:00:00', 'user64', '2020-01-01 00:00:00', TRUE)
INSERT INTO task_task_category (TASK_TASK_ID, TASK_CATEGORY) VALUES ('187', 'ERROR_ANALYSIS')



INSERT INTO task (TASK_ID, TASK_START, TASK_END, CREATE_USER_USERNAME, CREATE_DATE, ENABLED) VALUES ('188', '2020-06-09 10:30:00', '2020-06-09 12:00:00', 'user61', '2020-01-01 00:00:00', TRUE)
INSERT INTO task_task_category (TASK_TASK_ID, TASK_CATEGORY) VALUES ('188', 'TESTING')

INSERT INTO task (TASK_ID, TASK_START, TASK_END, CREATE_USER_USERNAME, CREATE_DATE, ENABLED) VALUES ('189', '2020-06-10 14:30:00', '2020-06-10 18:00:00', 'user62', '2020-01-01 00:00:00', TRUE)
INSERT INTO task_task_category (TASK_TASK_ID, TASK_CATEGORY) VALUES ('189', 'TESTING')

INSERT INTO task (TASK_ID, TASK_START, TASK_END, CREATE_USER_USERNAME, CREATE_DATE, ENABLED) VALUES ('190', '2020-06-12 9:30:00', '2020-06-12 11:00:00', 'user63', '2020-01-01 00:00:00', TRUE)
INSERT INTO task_task_category (TASK_TASK_ID, TASK_CATEGORY) VALUES ('190', 'TESTING')

INSERT INTO task (TASK_ID, TASK_START, TASK_END, CREATE_USER_USERNAME, CREATE_DATE, ENABLED) VALUES ('191', '2020-06-08 8:00:00', '2020-06-08 14:00:00', 'user64', '2020-01-01 00:00:00', TRUE)
INSERT INTO task_task_category (TASK_TASK_ID, TASK_CATEGORY) VALUES ('191', 'TESTING')



INSERT INTO task (TASK_ID, TASK_START, TASK_END, CREATE_USER_USERNAME, CREATE_DATE, ENABLED) VALUES ('192', '2020-06-09 10:30:00', '2020-06-09 16:00:00', 'user61', '2020-01-01 00:00:00', TRUE)
INSERT INTO task_task_category (TASK_TASK_ID, TASK_CATEGORY) VALUES ('192', 'DESIGN')

INSERT INTO task (TASK_ID, TASK_START, TASK_END, CREATE_USER_USERNAME, CREATE_DATE, ENABLED) VALUES ('193', '2020-06-10 14:30:00', '2020-06-10 18:00:00', 'user62', '2020-01-01 00:00:00', TRUE)
INSERT INTO task_task_category (TASK_TASK_ID, TASK_CATEGORY) VALUES ('193', 'DESIGN')

INSERT INTO task (TASK_ID, TASK_START, TASK_END, CREATE_USER_USERNAME, CREATE_DATE, ENABLED) VALUES ('194', '2020-06-12 9:30:00', '2020-06-12 11:00:00', 'user63', '2020-01-01 00:00:00', TRUE)
INSERT INTO task_task_category (TASK_TASK_ID, TASK_CATEGORY) VALUES ('194', 'DESIGN')

INSERT INTO task (TASK_ID, TASK_START, TASK_END, CREATE_USER_USERNAME, CREATE_DATE, ENABLED) VALUES ('195', '2020-06-08 09:00:00', '2020-06-08 12:00:00', 'user64', '2020-01-01 00:00:00', TRUE)
INSERT INTO task_task_category (TASK_TASK_ID, TASK_CATEGORY) VALUES ('195', 'DESIGN')


INSERT INTO task (TASK_ID, TASK_START, TASK_END, CREATE_USER_USERNAME, CREATE_DATE, ENABLED) VALUES ('196', '2020-06-09 10:30:00', '2020-06-09 16:00:00', 'user61', '2020-01-01 00:00:00', TRUE)
INSERT INTO task_task_category (TASK_TASK_ID, TASK_CATEGORY) VALUES ('196', 'IMPLEMENTATION')

INSERT INTO task (TASK_ID, TASK_START, TASK_END, CREATE_USER_USERNAME, CREATE_DATE, ENABLED) VALUES ('197', '2020-06-10 12:30:00', '2020-06-10 19:00:00', 'user62', '2020-01-01 00:00:00', TRUE)
INSERT INTO task_task_category (TASK_TASK_ID, TASK_CATEGORY) VALUES ('197', 'IMPLEMENTATION')

INSERT INTO task (TASK_ID, TASK_START, TASK_END, CREATE_USER_USERNAME, CREATE_DATE, ENABLED) VALUES ('198', '2020-06-12 9:30:00', '2020-06-12 11:00:00', 'user63', '2020-01-01 00:00:00', TRUE)
INSERT INTO task_task_category (TASK_TASK_ID, TASK_CATEGORY) VALUES ('198', 'IMPLEMENTATION')

INSERT INTO task (TASK_ID, TASK_START, TASK_END, CREATE_USER_USERNAME, CREATE_DATE, ENABLED) VALUES ('199', '2020-06-08 09:00:00', '2020-06-08 12:00:00', 'user64', '2020-01-01 00:00:00', TRUE)
INSERT INTO task_task_category (TASK_TASK_ID, TASK_CATEGORY) VALUES ('199', 'IMPLEMENTATION')



INSERT INTO task (TASK_ID, TASK_START, TASK_END, CREATE_USER_USERNAME, CREATE_DATE, ENABLED) VALUES ('200', '2020-06-15 15:00:00', '2020-06-15 18:30:00', 'user61', '2020-01-01 00:00:00', TRUE)
INSERT INTO task_task_category (TASK_TASK_ID, TASK_CATEGORY) VALUES ('200', 'CUSTOMER_MEETING')

INSERT INTO task (TASK_ID, TASK_START, TASK_END, CREATE_USER_USERNAME, CREATE_DATE, ENABLED) VALUES ('201', '2020-06-16 08:00:00', '2020-06-16 11:30:00', 'user62', '2020-01-01 00:00:00', TRUE)
INSERT INTO task_task_category (TASK_TASK_ID, TASK_CATEGORY) VALUES ('201', 'CUSTOMER_MEETING')

INSERT INTO task (TASK_ID, TASK_START, TASK_END, CREATE_USER_USERNAME, CREATE_DATE, ENABLED) VALUES ('202', '2020-06-19 08:00:00', '2020-06-19 09:30:00', 'user63', '2020-01-01 00:00:00', TRUE)
INSERT INTO task_task_category (TASK_TASK_ID, TASK_CATEGORY) VALUES ('202', 'CUSTOMER_MEETING')

INSERT INTO task (TASK_ID, TASK_START, TASK_END, CREATE_USER_USERNAME, CREATE_DATE, ENABLED) VALUES ('203', '2020-06-17 09:00:00', '2020-06-17 09:30:00', 'user64', '2020-01-01 00:00:00', TRUE)
INSERT INTO task_task_category (TASK_TASK_ID, TASK_CATEGORY) VALUES ('203', 'CUSTOMER_MEETING')



INSERT INTO task (TASK_ID, TASK_START, TASK_END, CREATE_USER_USERNAME, CREATE_DATE, ENABLED) VALUES ('204', '2020-06-15 10:30:00', '2020-06-15 12:00:00', 'user61', '2020-01-01 00:00:00', TRUE)
INSERT INTO task_task_category (TASK_TASK_ID, TASK_CATEGORY) VALUES ('204', 'ERROR_ANALYSIS')

INSERT INTO task (TASK_ID, TASK_START, TASK_END, CREATE_USER_USERNAME, CREATE_DATE, ENABLED) VALUES ('205', '2020-06-16 11:30:00', '2020-06-16 12:00:00', 'user62', '2020-01-01 00:00:00', TRUE)
INSERT INTO task_task_category (TASK_TASK_ID, TASK_CATEGORY) VALUES ('205', 'ERROR_ANALYSIS')

INSERT INTO task (TASK_ID, TASK_START, TASK_END, CREATE_USER_USERNAME, CREATE_DATE, ENABLED) VALUES ('206', '2020-06-19 9:30:00', '2020-06-19 11:00:00', 'user63', '2020-01-01 00:00:00', TRUE)
INSERT INTO task_task_category (TASK_TASK_ID, TASK_CATEGORY) VALUES ('206', 'ERROR_ANALYSIS')

INSERT INTO task (TASK_ID, TASK_START, TASK_END, CREATE_USER_USERNAME, CREATE_DATE, ENABLED) VALUES ('207', '2020-06-17 09:00:00', '2020-06-17 12:00:00', 'user64', '2020-01-01 00:00:00', TRUE)
INSERT INTO task_task_category (TASK_TASK_ID, TASK_CATEGORY) VALUES ('207', 'ERROR_ANALYSIS')



INSERT INTO task (TASK_ID, TASK_START, TASK_END, CREATE_USER_USERNAME, CREATE_DATE, ENABLED) VALUES ('208', '2020-06-16 10:30:00', '2020-06-16 12:00:00', 'user61', '2020-01-01 00:00:00', TRUE)
INSERT INTO task_task_category (TASK_TASK_ID, TASK_CATEGORY) VALUES ('208', 'TESTING')

INSERT INTO task (TASK_ID, TASK_START, TASK_END, CREATE_USER_USERNAME, CREATE_DATE, ENABLED) VALUES ('209', '2020-06-17 14:30:00', '2020-06-17 18:00:00', 'user62', '2020-01-01 00:00:00', TRUE)
INSERT INTO task_task_category (TASK_TASK_ID, TASK_CATEGORY) VALUES ('209', 'TESTING')

INSERT INTO task (TASK_ID, TASK_START, TASK_END, CREATE_USER_USERNAME, CREATE_DATE, ENABLED) VALUES ('210', '2020-06-18 9:30:00', '2020-06-18 11:00:00', 'user63', '2020-01-01 00:00:00', TRUE)
INSERT INTO task_task_category (TASK_TASK_ID, TASK_CATEGORY) VALUES ('210', 'TESTING')

INSERT INTO task (TASK_ID, TASK_START, TASK_END, CREATE_USER_USERNAME, CREATE_DATE, ENABLED) VALUES ('211', '2020-06-19 8:00:00', '2020-06-19 14:00:00', 'user64', '2020-01-01 00:00:00', TRUE)
INSERT INTO task_task_category (TASK_TASK_ID, TASK_CATEGORY) VALUES ('211', 'TESTING')



INSERT INTO task (TASK_ID, TASK_START, TASK_END, CREATE_USER_USERNAME, CREATE_DATE, ENABLED) VALUES ('212', '2020-06-16 10:30:00', '2020-06-16 16:00:00', 'user61', '2020-01-01 00:00:00', TRUE)
INSERT INTO task_task_category (TASK_TASK_ID, TASK_CATEGORY) VALUES ('212', 'DESIGN')

INSERT INTO task (TASK_ID, TASK_START, TASK_END, CREATE_USER_USERNAME, CREATE_DATE, ENABLED) VALUES ('213', '2020-06-17 14:30:00', '2020-06-17 18:00:00', 'user62', '2020-01-01 00:00:00', TRUE)
INSERT INTO task_task_category (TASK_TASK_ID, TASK_CATEGORY) VALUES ('213', 'DESIGN')

INSERT INTO task (TASK_ID, TASK_START, TASK_END, CREATE_USER_USERNAME, CREATE_DATE, ENABLED) VALUES ('214', '2020-06-18 9:30:00', '2020-06-18 11:00:00', 'user63', '2020-01-01 00:00:00', TRUE)
INSERT INTO task_task_category (TASK_TASK_ID, TASK_CATEGORY) VALUES ('214', 'DESIGN')

INSERT INTO task (TASK_ID, TASK_START, TASK_END, CREATE_USER_USERNAME, CREATE_DATE, ENABLED) VALUES ('215', '2020-06-19 09:00:00', '2020-06-19 12:00:00', 'user64', '2020-01-01 00:00:00', TRUE)
INSERT INTO task_task_category (TASK_TASK_ID, TASK_CATEGORY) VALUES ('215', 'DESIGN')


INSERT INTO task (TASK_ID, TASK_START, TASK_END, CREATE_USER_USERNAME, CREATE_DATE, ENABLED) VALUES ('216', '2020-06-19 10:30:00', '2020-06-19 16:00:00', 'user61', '2020-01-01 00:00:00', TRUE)
INSERT INTO task_task_category (TASK_TASK_ID, TASK_CATEGORY) VALUES ('216', 'IMPLEMENTATION')

INSERT INTO task (TASK_ID, TASK_START, TASK_END, CREATE_USER_USERNAME, CREATE_DATE, ENABLED) VALUES ('217', '2020-06-18 12:30:00', '2020-06-18 19:00:00', 'user62', '2020-01-01 00:00:00', TRUE)
INSERT INTO task_task_category (TASK_TASK_ID, TASK_CATEGORY) VALUES ('217', 'IMPLEMENTATION')

INSERT INTO task (TASK_ID, TASK_START, TASK_END, CREATE_USER_USERNAME, CREATE_DATE, ENABLED) VALUES ('218', '2020-06-17 9:30:00', '2020-06-17 11:00:00', 'user63', '2020-01-01 00:00:00', TRUE)
INSERT INTO task_task_category (TASK_TASK_ID, TASK_CATEGORY) VALUES ('218', 'IMPLEMENTATION')

INSERT INTO task (TASK_ID, TASK_START, TASK_END, CREATE_USER_USERNAME, CREATE_DATE, ENABLED) VALUES ('219', '2020-06-16 09:00:00', '2020-06-16 12:00:00', 'user64', '2020-01-01 00:00:00', TRUE)
INSERT INTO task_task_category (TASK_TASK_ID, TASK_CATEGORY) VALUES ('219', 'IMPLEMENTATION')


INSERT INTO task (TASK_ID, TASK_START, TASK_END, CREATE_USER_USERNAME, CREATE_DATE, ENABLED) VALUES ('220', '2020-06-22 15:00:00', '2020-06-22 18:30:00', 'user61', '2020-01-01 00:00:00', TRUE)
INSERT INTO task_task_category (TASK_TASK_ID, TASK_CATEGORY) VALUES ('220', 'CUSTOMER_MEETING')

INSERT INTO task (TASK_ID, TASK_START, TASK_END, CREATE_USER_USERNAME, CREATE_DATE, ENABLED) VALUES ('221', '2020-06-23 08:00:00', '2020-06-23 11:30:00', 'user62', '2020-01-01 00:00:00', TRUE)
INSERT INTO task_task_category (TASK_TASK_ID, TASK_CATEGORY) VALUES ('221', 'CUSTOMER_MEETING')

INSERT INTO task (TASK_ID, TASK_START, TASK_END, CREATE_USER_USERNAME, CREATE_DATE, ENABLED) VALUES ('222', '2020-06-25 08:00:00', '2020-06-25 09:30:00', 'user63', '2020-01-01 00:00:00', TRUE)
INSERT INTO task_task_category (TASK_TASK_ID, TASK_CATEGORY) VALUES ('222', 'CUSTOMER_MEETING')

INSERT INTO task (TASK_ID, TASK_START, TASK_END, CREATE_USER_USERNAME, CREATE_DATE, ENABLED) VALUES ('223', '2020-06-24 09:00:00', '2020-06-24 09:30:00', 'user64', '2020-01-01 00:00:00', TRUE)
INSERT INTO task_task_category (TASK_TASK_ID, TASK_CATEGORY) VALUES ('223', 'CUSTOMER_MEETING')



INSERT INTO task (TASK_ID, TASK_START, TASK_END, CREATE_USER_USERNAME, CREATE_DATE, ENABLED) VALUES ('224', '2020-06-22 10:30:00', '2020-06-22 12:00:00', 'user61', '2020-01-01 00:00:00', TRUE)
INSERT INTO task_task_category (TASK_TASK_ID, TASK_CATEGORY) VALUES ('224', 'ERROR_ANALYSIS')

INSERT INTO task (TASK_ID, TASK_START, TASK_END, CREATE_USER_USERNAME, CREATE_DATE, ENABLED) VALUES ('225', '2020-06-23 11:30:00', '2020-06-23 12:00:00', 'user62', '2020-01-01 00:00:00', TRUE)
INSERT INTO task_task_category (TASK_TASK_ID, TASK_CATEGORY) VALUES ('225', 'ERROR_ANALYSIS')

INSERT INTO task (TASK_ID, TASK_START, TASK_END, CREATE_USER_USERNAME, CREATE_DATE, ENABLED) VALUES ('226', '2020-06-25 9:30:00', '2020-06-25 11:00:00', 'user63', '2020-01-01 00:00:00', TRUE)
INSERT INTO task_task_category (TASK_TASK_ID, TASK_CATEGORY) VALUES ('226', 'ERROR_ANALYSIS')

INSERT INTO task (TASK_ID, TASK_START, TASK_END, CREATE_USER_USERNAME, CREATE_DATE, ENABLED) VALUES ('227', '2020-06-24 09:00:00', '2020-06-24 12:00:00', 'user64', '2020-01-01 00:00:00', TRUE)
INSERT INTO task_task_category (TASK_TASK_ID, TASK_CATEGORY) VALUES ('227', 'ERROR_ANALYSIS')



INSERT INTO task (TASK_ID, TASK_START, TASK_END, CREATE_USER_USERNAME, CREATE_DATE, ENABLED) VALUES ('228', '2020-06-23 10:30:00', '2020-06-23 12:00:00', 'user61', '2020-01-01 00:00:00', TRUE)
INSERT INTO task_task_category (TASK_TASK_ID, TASK_CATEGORY) VALUES ('228', 'TESTING')

INSERT INTO task (TASK_ID, TASK_START, TASK_END, CREATE_USER_USERNAME, CREATE_DATE, ENABLED) VALUES ('229', '2020-06-24 14:30:00', '2020-06-24 18:00:00', 'user62', '2020-01-01 00:00:00', TRUE)
INSERT INTO task_task_category (TASK_TASK_ID, TASK_CATEGORY) VALUES ('229', 'TESTING')

INSERT INTO task (TASK_ID, TASK_START, TASK_END, CREATE_USER_USERNAME, CREATE_DATE, ENABLED) VALUES ('230', '2020-06-25 9:30:00', '2020-06-25 11:00:00', 'user63', '2020-01-01 00:00:00', TRUE)
INSERT INTO task_task_category (TASK_TASK_ID, TASK_CATEGORY) VALUES ('230', 'TESTING')

INSERT INTO task (TASK_ID, TASK_START, TASK_END, CREATE_USER_USERNAME, CREATE_DATE, ENABLED) VALUES ('231', '2020-06-26 8:00:00', '2020-06-26 14:00:00', 'user64', '2020-01-01 00:00:00', TRUE)
INSERT INTO task_task_category (TASK_TASK_ID, TASK_CATEGORY) VALUES ('231', 'TESTING')



INSERT INTO task (TASK_ID, TASK_START, TASK_END, CREATE_USER_USERNAME, CREATE_DATE, ENABLED) VALUES ('232', '2020-06-23 10:30:00', '2020-06-23 16:00:00', 'user61', '2020-01-01 00:00:00', TRUE)
INSERT INTO task_task_category (TASK_TASK_ID, TASK_CATEGORY) VALUES ('232', 'DESIGN')

INSERT INTO task (TASK_ID, TASK_START, TASK_END, CREATE_USER_USERNAME, CREATE_DATE, ENABLED) VALUES ('233', '2020-06-24 14:30:00', '2020-06-24 18:00:00', 'user62', '2020-01-01 00:00:00', TRUE)
INSERT INTO task_task_category (TASK_TASK_ID, TASK_CATEGORY) VALUES ('233', 'DESIGN')

INSERT INTO task (TASK_ID, TASK_START, TASK_END, CREATE_USER_USERNAME, CREATE_DATE, ENABLED) VALUES ('234', '2020-06-25 9:30:00', '2020-06-25 11:00:00', 'user63', '2020-01-01 00:00:00', TRUE)
INSERT INTO task_task_category (TASK_TASK_ID, TASK_CATEGORY) VALUES ('234', 'DESIGN')

INSERT INTO task (TASK_ID, TASK_START, TASK_END, CREATE_USER_USERNAME, CREATE_DATE, ENABLED) VALUES ('235', '2020-06-26 09:00:00', '2020-06-26 12:00:00', 'user64', '2020-01-01 00:00:00', TRUE)
INSERT INTO task_task_category (TASK_TASK_ID, TASK_CATEGORY) VALUES ('235', 'DESIGN')


INSERT INTO task (TASK_ID, TASK_START, TASK_END, CREATE_USER_USERNAME, CREATE_DATE, ENABLED) VALUES ('236', '2020-06-26 10:30:00', '2020-06-26 16:00:00', 'user61', '2020-01-01 00:00:00', TRUE)
INSERT INTO task_task_category (TASK_TASK_ID, TASK_CATEGORY) VALUES ('236', 'IMPLEMENTATION')

INSERT INTO task (TASK_ID, TASK_START, TASK_END, CREATE_USER_USERNAME, CREATE_DATE, ENABLED) VALUES ('237', '2020-06-25 12:30:00', '2020-06-25 19:00:00', 'user62', '2020-01-01 00:00:00', TRUE)
INSERT INTO task_task_category (TASK_TASK_ID, TASK_CATEGORY) VALUES ('237', 'IMPLEMENTATION')

INSERT INTO task (TASK_ID, TASK_START, TASK_END, CREATE_USER_USERNAME, CREATE_DATE, ENABLED) VALUES ('238', '2020-06-24 9:30:00', '2020-06-24 11:00:00', 'user63', '2020-01-01 00:00:00', TRUE)
INSERT INTO task_task_category (TASK_TASK_ID, TASK_CATEGORY) VALUES ('238', 'IMPLEMENTATION')

INSERT INTO task (TASK_ID, TASK_START, TASK_END, CREATE_USER_USERNAME, CREATE_DATE, ENABLED) VALUES ('239', '2020-06-23 09:00:00', '2020-06-23 12:00:00', 'user64', '2020-01-01 00:00:00', TRUE)
INSERT INTO task_task_category (TASK_TASK_ID, TASK_CATEGORY) VALUES ('239', 'IMPLEMENTATION')

INSERT INTO task (TASK_ID, TASK_START, TASK_END, CREATE_USER_USERNAME, CREATE_DATE, ENABLED) VALUES ('240', '2020-07-02 15:00:00', '2020-07-02 18:30:00', 'user61', '2020-01-01 00:00:00', TRUE)
INSERT INTO task_task_category (TASK_TASK_ID, TASK_CATEGORY) VALUES ('240', 'CUSTOMER_MEETING')

INSERT INTO task (TASK_ID, TASK_START, TASK_END, CREATE_USER_USERNAME, CREATE_DATE, ENABLED) VALUES ('241', '2020-07-03 08:00:00', '2020-07-03 11:30:00', 'user62', '2020-01-01 00:00:00', TRUE)
INSERT INTO task_task_category (TASK_TASK_ID, TASK_CATEGORY) VALUES ('241', 'CUSTOMER_MEETING')

INSERT INTO task (TASK_ID, TASK_START, TASK_END, CREATE_USER_USERNAME, CREATE_DATE, ENABLED) VALUES ('242', '2020-07-04 08:00:00', '2020-07-04 09:30:00', 'user63', '2020-01-01 00:00:00', TRUE)
INSERT INTO task_task_category (TASK_TASK_ID, TASK_CATEGORY) VALUES ('242', 'CUSTOMER_MEETING')

INSERT INTO task (TASK_ID, TASK_START, TASK_END, CREATE_USER_USERNAME, CREATE_DATE, ENABLED) VALUES ('243', '2020-07-05 09:00:00', '2020-07-05 09:30:00', 'user64', '2020-01-01 00:00:00', TRUE)
INSERT INTO task_task_category (TASK_TASK_ID, TASK_CATEGORY) VALUES ('243', 'CUSTOMER_MEETING')



INSERT INTO task (TASK_ID, TASK_START, TASK_END, CREATE_USER_USERNAME, CREATE_DATE, ENABLED) VALUES ('244', '2020-07-02 10:30:00', '2020-07-02 12:00:00', 'user61', '2020-01-01 00:00:00', TRUE)
INSERT INTO task_task_category (TASK_TASK_ID, TASK_CATEGORY) VALUES ('244', 'ERROR_ANALYSIS')

INSERT INTO task (TASK_ID, TASK_START, TASK_END, CREATE_USER_USERNAME, CREATE_DATE, ENABLED) VALUES ('245', '2020-07-03 11:30:00', '2020-07-03 12:00:00', 'user62', '2020-01-01 00:00:00', TRUE)
INSERT INTO task_task_category (TASK_TASK_ID, TASK_CATEGORY) VALUES ('245', 'ERROR_ANALYSIS')

INSERT INTO task (TASK_ID, TASK_START, TASK_END, CREATE_USER_USERNAME, CREATE_DATE, ENABLED) VALUES ('246', '2020-07-04 9:30:00', '2020-07-04 11:00:00', 'user63', '2020-01-01 00:00:00', TRUE)
INSERT INTO task_task_category (TASK_TASK_ID, TASK_CATEGORY) VALUES ('246', 'ERROR_ANALYSIS')

INSERT INTO task (TASK_ID, TASK_START, TASK_END, CREATE_USER_USERNAME, CREATE_DATE, ENABLED) VALUES ('247', '2020-07-05 09:00:00', '2020-07-05 12:00:00', 'user64', '2020-01-01 00:00:00', TRUE)
INSERT INTO task_task_category (TASK_TASK_ID, TASK_CATEGORY) VALUES ('247', 'ERROR_ANALYSIS')



INSERT INTO task (TASK_ID, TASK_START, TASK_END, CREATE_USER_USERNAME, CREATE_DATE, ENABLED) VALUES ('248', '2020-07-02 10:30:00', '2020-07-02 12:00:00', 'user61', '2020-01-01 00:00:00', TRUE)
INSERT INTO task_task_category (TASK_TASK_ID, TASK_CATEGORY) VALUES ('248', 'TESTING')

INSERT INTO task (TASK_ID, TASK_START, TASK_END, CREATE_USER_USERNAME, CREATE_DATE, ENABLED) VALUES ('249', '2020-07-03 14:30:00', '2020-07-03 18:00:00', 'user62', '2020-01-01 00:00:00', TRUE)
INSERT INTO task_task_category (TASK_TASK_ID, TASK_CATEGORY) VALUES ('249', 'TESTING')

INSERT INTO task (TASK_ID, TASK_START, TASK_END, CREATE_USER_USERNAME, CREATE_DATE, ENABLED) VALUES ('250', '2020-07-04 9:30:00', '2020-07-04 11:00:00', 'user63', '2020-01-01 00:00:00', TRUE)
INSERT INTO task_task_category (TASK_TASK_ID, TASK_CATEGORY) VALUES ('250', 'TESTING')

INSERT INTO task (TASK_ID, TASK_START, TASK_END, CREATE_USER_USERNAME, CREATE_DATE, ENABLED) VALUES ('251', '2020-07-05 8:00:00', '2020-07-05 14:00:00', 'user64', '2020-01-01 00:00:00', TRUE)
INSERT INTO task_task_category (TASK_TASK_ID, TASK_CATEGORY) VALUES ('251', 'TESTING')



INSERT INTO task (TASK_ID, TASK_START, TASK_END, CREATE_USER_USERNAME, CREATE_DATE, ENABLED) VALUES ('252', '2020-07-03 10:30:00', '2020-07-03 16:00:00', 'user61', '2020-01-01 00:00:00', TRUE)
INSERT INTO task_task_category (TASK_TASK_ID, TASK_CATEGORY) VALUES ('252', 'DESIGN')

INSERT INTO task (TASK_ID, TASK_START, TASK_END, CREATE_USER_USERNAME, CREATE_DATE, ENABLED) VALUES ('253', '2020-07-04 14:30:00', '2020-07-04 18:00:00', 'user62', '2020-01-01 00:00:00', TRUE)
INSERT INTO task_task_category (TASK_TASK_ID, TASK_CATEGORY) VALUES ('253', 'DESIGN')

INSERT INTO task (TASK_ID, TASK_START, TASK_END, CREATE_USER_USERNAME, CREATE_DATE, ENABLED) VALUES ('254', '2020-07-05 9:30:00', '2020-07-05 11:00:00', 'user63', '2020-01-01 00:00:00', TRUE)
INSERT INTO task_task_category (TASK_TASK_ID, TASK_CATEGORY) VALUES ('254', 'DESIGN')

INSERT INTO task (TASK_ID, TASK_START, TASK_END, CREATE_USER_USERNAME, CREATE_DATE, ENABLED) VALUES ('255', '2020-07-02 09:00:00', '2020-07-02 12:00:00', 'user64', '2020-01-01 00:00:00', TRUE)
INSERT INTO task_task_category (TASK_TASK_ID, TASK_CATEGORY) VALUES ('255', 'DESIGN')


INSERT INTO task (TASK_ID, TASK_START, TASK_END, CREATE_USER_USERNAME, CREATE_DATE, ENABLED) VALUES ('256', '2020-07-03 10:30:00', '2020-07-03 16:00:00', 'user61', '2020-01-01 00:00:00', TRUE)
INSERT INTO task_task_category (TASK_TASK_ID, TASK_CATEGORY) VALUES ('256', 'IMPLEMENTATION')

INSERT INTO task (TASK_ID, TASK_START, TASK_END, CREATE_USER_USERNAME, CREATE_DATE, ENABLED) VALUES ('257', '2020-07-04 12:30:00', '2020-07-04 19:00:00', 'user62', '2020-01-01 00:00:00', TRUE)
INSERT INTO task_task_category (TASK_TASK_ID, TASK_CATEGORY) VALUES ('257', 'IMPLEMENTATION')

INSERT INTO task (TASK_ID, TASK_START, TASK_END, CREATE_USER_USERNAME, CREATE_DATE, ENABLED) VALUES ('258', '2020-07-05 9:30:00', '2020-07-05 11:00:00', 'user63', '2020-01-01 00:00:00', TRUE)
INSERT INTO task_task_category (TASK_TASK_ID, TASK_CATEGORY) VALUES ('258', 'IMPLEMENTATION')

INSERT INTO task (TASK_ID, TASK_START, TASK_END, CREATE_USER_USERNAME, CREATE_DATE, ENABLED) VALUES ('259', '2020-07-02 09:00:00', '2020-07-02 12:00:00', 'user64', '2020-01-01 00:00:00', TRUE)
INSERT INTO task_task_category (TASK_TASK_ID, TASK_CATEGORY) VALUES ('259', 'IMPLEMENTATION')


INSERT INTO task (TASK_ID, TASK_START, TASK_END, CREATE_USER_USERNAME, CREATE_DATE, ENABLED) VALUES ('260', '2020-07-08 15:00:00', '2020-07-08 18:30:00', 'user61', '2020-01-01 00:00:00', TRUE)
INSERT INTO task_task_category (TASK_TASK_ID, TASK_CATEGORY) VALUES ('260', 'CUSTOMER_MEETING')

INSERT INTO task (TASK_ID, TASK_START, TASK_END, CREATE_USER_USERNAME, CREATE_DATE, ENABLED) VALUES ('261', '2020-07-12 08:00:00', '2020-07-12 11:30:00', 'user62', '2020-01-01 00:00:00', TRUE)
INSERT INTO task_task_category (TASK_TASK_ID, TASK_CATEGORY) VALUES ('261', 'CUSTOMER_MEETING')

INSERT INTO task (TASK_ID, TASK_START, TASK_END, CREATE_USER_USERNAME, CREATE_DATE, ENABLED) VALUES ('262', '2020-07-10 08:00:00', '2020-07-10 09:30:00', 'user63', '2020-01-01 00:00:00', TRUE)
INSERT INTO task_task_category (TASK_TASK_ID, TASK_CATEGORY) VALUES ('262', 'CUSTOMER_MEETING')

INSERT INTO task (TASK_ID, TASK_START, TASK_END, CREATE_USER_USERNAME, CREATE_DATE, ENABLED) VALUES ('263', '2020-07-09 09:00:00', '2020-07-09 09:30:00', 'user64', '2020-01-01 00:00:00', TRUE)
INSERT INTO task_task_category (TASK_TASK_ID, TASK_CATEGORY) VALUES ('263', 'CUSTOMER_MEETING')



INSERT INTO task (TASK_ID, TASK_START, TASK_END, CREATE_USER_USERNAME, CREATE_DATE, ENABLED) VALUES ('264', '2020-07-08 10:30:00', '2020-07-08 12:00:00', 'user61', '2020-01-01 00:00:00', TRUE)
INSERT INTO task_task_category (TASK_TASK_ID, TASK_CATEGORY) VALUES ('264', 'ERROR_ANALYSIS')

INSERT INTO task (TASK_ID, TASK_START, TASK_END, CREATE_USER_USERNAME, CREATE_DATE, ENABLED) VALUES ('265', '2020-07-12 11:30:00', '2020-07-12 12:00:00', 'user62', '2020-01-01 00:00:00', TRUE)
INSERT INTO task_task_category (TASK_TASK_ID, TASK_CATEGORY) VALUES ('265', 'ERROR_ANALYSIS')

INSERT INTO task (TASK_ID, TASK_START, TASK_END, CREATE_USER_USERNAME, CREATE_DATE, ENABLED) VALUES ('266', '2020-07-10 9:30:00', '2020-07-10 11:00:00', 'user63', '2020-01-01 00:00:00', TRUE)
INSERT INTO task_task_category (TASK_TASK_ID, TASK_CATEGORY) VALUES ('266', 'ERROR_ANALYSIS')

INSERT INTO task (TASK_ID, TASK_START, TASK_END, CREATE_USER_USERNAME, CREATE_DATE, ENABLED) VALUES ('267', '2020-07-09 09:00:00', '2020-07-09 12:00:00', 'user64', '2020-01-01 00:00:00', TRUE)
INSERT INTO task_task_category (TASK_TASK_ID, TASK_CATEGORY) VALUES ('267', 'ERROR_ANALYSIS')



INSERT INTO task (TASK_ID, TASK_START, TASK_END, CREATE_USER_USERNAME, CREATE_DATE, ENABLED) VALUES ('268', '2020-07-09 10:30:00', '2020-07-09 12:00:00', 'user61', '2020-01-01 00:00:00', TRUE)
INSERT INTO task_task_category (TASK_TASK_ID, TASK_CATEGORY) VALUES ('268', 'TESTING')

INSERT INTO task (TASK_ID, TASK_START, TASK_END, CREATE_USER_USERNAME, CREATE_DATE, ENABLED) VALUES ('269', '2020-07-10 14:30:00', '2020-07-10 18:00:00', 'user62', '2020-01-01 00:00:00', TRUE)
INSERT INTO task_task_category (TASK_TASK_ID, TASK_CATEGORY) VALUES ('269', 'TESTING')

INSERT INTO task (TASK_ID, TASK_START, TASK_END, CREATE_USER_USERNAME, CREATE_DATE, ENABLED) VALUES ('270', '2020-07-12 9:30:00', '2020-07-12 11:00:00', 'user63', '2020-01-01 00:00:00', TRUE)
INSERT INTO task_task_category (TASK_TASK_ID, TASK_CATEGORY) VALUES ('270', 'TESTING')

INSERT INTO task (TASK_ID, TASK_START, TASK_END, CREATE_USER_USERNAME, CREATE_DATE, ENABLED) VALUES ('271', '2020-07-08 8:00:00', '2020-07-08 14:00:00', 'user64', '2020-01-01 00:00:00', TRUE)
INSERT INTO task_task_category (TASK_TASK_ID, TASK_CATEGORY) VALUES ('271', 'TESTING')



INSERT INTO task (TASK_ID, TASK_START, TASK_END, CREATE_USER_USERNAME, CREATE_DATE, ENABLED) VALUES ('272', '2020-07-09 10:30:00', '2020-07-09 16:00:00', 'user61', '2020-01-01 00:00:00', TRUE)
INSERT INTO task_task_category (TASK_TASK_ID, TASK_CATEGORY) VALUES ('272', 'DESIGN')

INSERT INTO task (TASK_ID, TASK_START, TASK_END, CREATE_USER_USERNAME, CREATE_DATE, ENABLED) VALUES ('273', '2020-07-10 14:30:00', '2020-07-10 18:00:00', 'user62', '2020-01-01 00:00:00', TRUE)
INSERT INTO task_task_category (TASK_TASK_ID, TASK_CATEGORY) VALUES ('273', 'DESIGN')

INSERT INTO task (TASK_ID, TASK_START, TASK_END, CREATE_USER_USERNAME, CREATE_DATE, ENABLED) VALUES ('274', '2020-07-12 9:30:00', '2020-07-12 11:00:00', 'user63', '2020-01-01 00:00:00', TRUE)
INSERT INTO task_task_category (TASK_TASK_ID, TASK_CATEGORY) VALUES ('274', 'DESIGN')

INSERT INTO task (TASK_ID, TASK_START, TASK_END, CREATE_USER_USERNAME, CREATE_DATE, ENABLED) VALUES ('275', '2020-07-08 09:00:00', '2020-07-08 12:00:00', 'user64', '2020-01-01 00:00:00', TRUE)
INSERT INTO task_task_category (TASK_TASK_ID, TASK_CATEGORY) VALUES ('275', 'DESIGN')


INSERT INTO task (TASK_ID, TASK_START, TASK_END, CREATE_USER_USERNAME, CREATE_DATE, ENABLED) VALUES ('276', '2020-07-09 10:30:00', '2020-07-09 16:00:00', 'user61', '2020-01-01 00:00:00', TRUE)
INSERT INTO task_task_category (TASK_TASK_ID, TASK_CATEGORY) VALUES ('276', 'IMPLEMENTATION')

INSERT INTO task (TASK_ID, TASK_START, TASK_END, CREATE_USER_USERNAME, CREATE_DATE, ENABLED) VALUES ('277', '2020-07-10 12:30:00', '2020-07-10 19:00:00', 'user62', '2020-01-01 00:00:00', TRUE)
INSERT INTO task_task_category (TASK_TASK_ID, TASK_CATEGORY) VALUES ('277', 'IMPLEMENTATION')

INSERT INTO task (TASK_ID, TASK_START, TASK_END, CREATE_USER_USERNAME, CREATE_DATE, ENABLED) VALUES ('278', '2020-07-12 9:30:00', '2020-07-12 11:00:00', 'user63', '2020-01-01 00:00:00', TRUE)
INSERT INTO task_task_category (TASK_TASK_ID, TASK_CATEGORY) VALUES ('278', 'IMPLEMENTATION')

INSERT INTO task (TASK_ID, TASK_START, TASK_END, CREATE_USER_USERNAME, CREATE_DATE, ENABLED) VALUES ('279', '2020-07-08 09:00:00', '2020-07-08 12:00:00', 'user64', '2020-01-01 00:00:00', TRUE)
INSERT INTO task_task_category (TASK_TASK_ID, TASK_CATEGORY) VALUES ('279', 'IMPLEMENTATION')



INSERT INTO task (TASK_ID, TASK_START, TASK_END, CREATE_USER_USERNAME, CREATE_DATE, ENABLED) VALUES ('280', '2020-07-15 15:00:00', '2020-07-15 18:30:00', 'user61', '2020-01-01 00:00:00', TRUE)
INSERT INTO task_task_category (TASK_TASK_ID, TASK_CATEGORY) VALUES ('280', 'CUSTOMER_MEETING')

INSERT INTO task (TASK_ID, TASK_START, TASK_END, CREATE_USER_USERNAME, CREATE_DATE, ENABLED) VALUES ('281', '2020-07-16 08:00:00', '2020-07-16 11:30:00', 'user62', '2020-01-01 00:00:00', TRUE)
INSERT INTO task_task_category (TASK_TASK_ID, TASK_CATEGORY) VALUES ('281', 'CUSTOMER_MEETING')

INSERT INTO task (TASK_ID, TASK_START, TASK_END, CREATE_USER_USERNAME, CREATE_DATE, ENABLED) VALUES ('282', '2020-07-18 08:00:00', '2020-07-18 09:30:00', 'user63', '2020-01-01 00:00:00', TRUE)
INSERT INTO task_task_category (TASK_TASK_ID, TASK_CATEGORY) VALUES ('282', 'CUSTOMER_MEETING')

INSERT INTO task (TASK_ID, TASK_START, TASK_END, CREATE_USER_USERNAME, CREATE_DATE, ENABLED) VALUES ('283', '2020-07-17 09:00:00', '2020-07-17 09:30:00', 'user64', '2020-01-01 00:00:00', TRUE)
INSERT INTO task_task_category (TASK_TASK_ID, TASK_CATEGORY) VALUES ('283', 'CUSTOMER_MEETING')



INSERT INTO task (TASK_ID, TASK_START, TASK_END, CREATE_USER_USERNAME, CREATE_DATE, ENABLED) VALUES ('284', '2020-07-15 10:30:00', '2020-07-15 12:00:00', 'user61', '2020-01-01 00:00:00', TRUE)
INSERT INTO task_task_category (TASK_TASK_ID, TASK_CATEGORY) VALUES ('284', 'ERROR_ANALYSIS')

INSERT INTO task (TASK_ID, TASK_START, TASK_END, CREATE_USER_USERNAME, CREATE_DATE, ENABLED) VALUES ('285', '2020-07-16 11:30:00', '2020-07-16 12:00:00', 'user62', '2020-01-01 00:00:00', TRUE)
INSERT INTO task_task_category (TASK_TASK_ID, TASK_CATEGORY) VALUES ('285', 'ERROR_ANALYSIS')

INSERT INTO task (TASK_ID, TASK_START, TASK_END, CREATE_USER_USERNAME, CREATE_DATE, ENABLED) VALUES ('286', '2020-07-17 9:30:00', '2020-07-17 11:00:00', 'user63', '2020-01-01 00:00:00', TRUE)
INSERT INTO task_task_category (TASK_TASK_ID, TASK_CATEGORY) VALUES ('286', 'ERROR_ANALYSIS')

INSERT INTO task (TASK_ID, TASK_START, TASK_END, CREATE_USER_USERNAME, CREATE_DATE, ENABLED) VALUES ('287', '2020-07-18 09:00:00', '2020-07-18 12:00:00', 'user64', '2020-01-01 00:00:00', TRUE)
INSERT INTO task_task_category (TASK_TASK_ID, TASK_CATEGORY) VALUES ('287', 'ERROR_ANALYSIS')



INSERT INTO task (TASK_ID, TASK_START, TASK_END, CREATE_USER_USERNAME, CREATE_DATE, ENABLED) VALUES ('288', '2020-07-14 10:30:00', '2020-07-14 12:00:00', 'user61', '2020-01-01 00:00:00', TRUE)
INSERT INTO task_task_category (TASK_TASK_ID, TASK_CATEGORY) VALUES ('288', 'TESTING')

INSERT INTO task (TASK_ID, TASK_START, TASK_END, CREATE_USER_USERNAME, CREATE_DATE, ENABLED) VALUES ('289', '2020-07-15 14:30:00', '2020-07-15 18:00:00', 'user62', '2020-01-01 00:00:00', TRUE)
INSERT INTO task_task_category (TASK_TASK_ID, TASK_CATEGORY) VALUES ('289', 'TESTING')

INSERT INTO task (TASK_ID, TASK_START, TASK_END, CREATE_USER_USERNAME, CREATE_DATE, ENABLED) VALUES ('290', '2020-07-16 9:30:00', '2020-07-16 11:00:00', 'user63', '2020-01-01 00:00:00', TRUE)
INSERT INTO task_task_category (TASK_TASK_ID, TASK_CATEGORY) VALUES ('290', 'TESTING')

INSERT INTO task (TASK_ID, TASK_START, TASK_END, CREATE_USER_USERNAME, CREATE_DATE, ENABLED) VALUES ('291', '2020-07-17 8:00:00', '2020-07-17 14:00:00', 'user64', '2020-01-01 00:00:00', TRUE)
INSERT INTO task_task_category (TASK_TASK_ID, TASK_CATEGORY) VALUES ('291', 'TESTING')



INSERT INTO task (TASK_ID, TASK_START, TASK_END, CREATE_USER_USERNAME, CREATE_DATE, ENABLED) VALUES ('292', '2020-07-14 10:30:00', '2020-07-14 16:00:00', 'user61', '2020-01-01 00:00:00', TRUE)
INSERT INTO task_task_category (TASK_TASK_ID, TASK_CATEGORY) VALUES ('292', 'DESIGN')

INSERT INTO task (TASK_ID, TASK_START, TASK_END, CREATE_USER_USERNAME, CREATE_DATE, ENABLED) VALUES ('293', '2020-07-15 14:30:00', '2020-07-15 18:00:00', 'user62', '2020-01-01 00:00:00', TRUE)
INSERT INTO task_task_category (TASK_TASK_ID, TASK_CATEGORY) VALUES ('293', 'DESIGN')

INSERT INTO task (TASK_ID, TASK_START, TASK_END, CREATE_USER_USERNAME, CREATE_DATE, ENABLED) VALUES ('294', '2020-07-16 9:30:00', '2020-07-16 11:00:00', 'user63', '2020-01-01 00:00:00', TRUE)
INSERT INTO task_task_category (TASK_TASK_ID, TASK_CATEGORY) VALUES ('294', 'DESIGN')

INSERT INTO task (TASK_ID, TASK_START, TASK_END, CREATE_USER_USERNAME, CREATE_DATE, ENABLED) VALUES ('295', '2020-07-17 09:00:00', '2020-07-17 12:00:00', 'user64', '2020-01-01 00:00:00', TRUE)
INSERT INTO task_task_category (TASK_TASK_ID, TASK_CATEGORY) VALUES ('295', 'DESIGN')


INSERT INTO task (TASK_ID, TASK_START, TASK_END, CREATE_USER_USERNAME, CREATE_DATE, ENABLED) VALUES ('296', '2020-07-17 10:30:00', '2020-07-17 16:00:00', 'user61', '2020-01-01 00:00:00', TRUE)
INSERT INTO task_task_category (TASK_TASK_ID, TASK_CATEGORY) VALUES ('296', 'IMPLEMENTATION')

INSERT INTO task (TASK_ID, TASK_START, TASK_END, CREATE_USER_USERNAME, CREATE_DATE, ENABLED) VALUES ('297', '2020-07-16 12:30:00', '2020-07-16 19:00:00', 'user62', '2020-01-01 00:00:00', TRUE)
INSERT INTO task_task_category (TASK_TASK_ID, TASK_CATEGORY) VALUES ('297', 'IMPLEMENTATION')

INSERT INTO task (TASK_ID, TASK_START, TASK_END, CREATE_USER_USERNAME, CREATE_DATE, ENABLED) VALUES ('298', '2020-07-15 9:30:00', '2020-07-15 11:00:00', 'user63', '2020-01-01 00:00:00', TRUE)
INSERT INTO task_task_category (TASK_TASK_ID, TASK_CATEGORY) VALUES ('298', 'IMPLEMENTATION')

INSERT INTO task (TASK_ID, TASK_START, TASK_END, CREATE_USER_USERNAME, CREATE_DATE, ENABLED) VALUES ('299', '2020-07-14 09:00:00', '2020-07-14 12:00:00', 'user64', '2020-01-01 00:00:00', TRUE)
INSERT INTO task_task_category (TASK_TASK_ID, TASK_CATEGORY) VALUES ('299', 'IMPLEMENTATION')


INSERT INTO task (TASK_ID, TASK_START, TASK_END, CREATE_USER_USERNAME, CREATE_DATE, ENABLED) VALUES ('300', '2020-07-22 15:00:00', '2020-07-22 18:30:00', 'user61', '2020-01-01 00:00:00', TRUE)
INSERT INTO task_task_category (TASK_TASK_ID, TASK_CATEGORY) VALUES ('300', 'CUSTOMER_MEETING')

INSERT INTO task (TASK_ID, TASK_START, TASK_END, CREATE_USER_USERNAME, CREATE_DATE, ENABLED) VALUES ('301', '2020-07-23 08:00:00', '2020-07-23 11:30:00', 'user62', '2020-01-01 00:00:00', TRUE)
INSERT INTO task_task_category (TASK_TASK_ID, TASK_CATEGORY) VALUES ('301', 'CUSTOMER_MEETING')

INSERT INTO task (TASK_ID, TASK_START, TASK_END, CREATE_USER_USERNAME, CREATE_DATE, ENABLED) VALUES ('302', '2020-07-25 08:00:00', '2020-07-25 09:30:00', 'user63', '2020-01-01 00:00:00', TRUE)
INSERT INTO task_task_category (TASK_TASK_ID, TASK_CATEGORY) VALUES ('302', 'CUSTOMER_MEETING')

INSERT INTO task (TASK_ID, TASK_START, TASK_END, CREATE_USER_USERNAME, CREATE_DATE, ENABLED) VALUES ('303', '2020-07-24 09:00:00', '2020-07-24 09:30:00', 'user64', '2020-01-01 00:00:00', TRUE)
INSERT INTO task_task_category (TASK_TASK_ID, TASK_CATEGORY) VALUES ('303', 'CUSTOMER_MEETING')



INSERT INTO task (TASK_ID, TASK_START, TASK_END, CREATE_USER_USERNAME, CREATE_DATE, ENABLED) VALUES ('304', '2020-07-22 10:30:00', '2020-07-22 12:00:00', 'user61', '2020-01-01 00:00:00', TRUE)
INSERT INTO task_task_category (TASK_TASK_ID, TASK_CATEGORY) VALUES ('304', 'ERROR_ANALYSIS')

INSERT INTO task (TASK_ID, TASK_START, TASK_END, CREATE_USER_USERNAME, CREATE_DATE, ENABLED) VALUES ('305', '2020-07-23 11:30:00', '2020-07-23 12:00:00', 'user62', '2020-01-01 00:00:00', TRUE)
INSERT INTO task_task_category (TASK_TASK_ID, TASK_CATEGORY) VALUES ('305', 'ERROR_ANALYSIS')

INSERT INTO task (TASK_ID, TASK_START, TASK_END, CREATE_USER_USERNAME, CREATE_DATE, ENABLED) VALUES ('306', '2020-07-25 9:30:00', '2020-07-25 11:00:00', 'user63', '2020-01-01 00:00:00', TRUE)
INSERT INTO task_task_category (TASK_TASK_ID, TASK_CATEGORY) VALUES ('306', 'ERROR_ANALYSIS')

INSERT INTO task (TASK_ID, TASK_START, TASK_END, CREATE_USER_USERNAME, CREATE_DATE, ENABLED) VALUES ('307', '2020-07-24 09:00:00', '2020-07-24 12:00:00', 'user64', '2020-01-01 00:00:00', TRUE)
INSERT INTO task_task_category (TASK_TASK_ID, TASK_CATEGORY) VALUES ('307', 'ERROR_ANALYSIS')



INSERT INTO task (TASK_ID, TASK_START, TASK_END, CREATE_USER_USERNAME, CREATE_DATE, ENABLED) VALUES ('308', '2020-07-23 10:30:00', '2020-07-23 12:00:00', 'user61', '2020-01-01 00:00:00', TRUE)
INSERT INTO task_task_category (TASK_TASK_ID, TASK_CATEGORY) VALUES ('308', 'TESTING')

INSERT INTO task (TASK_ID, TASK_START, TASK_END, CREATE_USER_USERNAME, CREATE_DATE, ENABLED) VALUES ('309', '2020-07-24 14:30:00', '2020-07-24 18:00:00', 'user62', '2020-01-01 00:00:00', TRUE)
INSERT INTO task_task_category (TASK_TASK_ID, TASK_CATEGORY) VALUES ('309', 'TESTING')

INSERT INTO task (TASK_ID, TASK_START, TASK_END, CREATE_USER_USERNAME, CREATE_DATE, ENABLED) VALUES ('310', '2020-07-25 9:30:00', '2020-07-25 11:00:00', 'user63', '2020-01-01 00:00:00', TRUE)
INSERT INTO task_task_category (TASK_TASK_ID, TASK_CATEGORY) VALUES ('310', 'TESTING')

INSERT INTO task (TASK_ID, TASK_START, TASK_END, CREATE_USER_USERNAME, CREATE_DATE, ENABLED) VALUES ('311', '2020-07-26 8:00:00', '2020-07-26 14:00:00', 'user64', '2020-01-01 00:00:00', TRUE)
INSERT INTO task_task_category (TASK_TASK_ID, TASK_CATEGORY) VALUES ('311', 'TESTING')



INSERT INTO task (TASK_ID, TASK_START, TASK_END, CREATE_USER_USERNAME, CREATE_DATE, ENABLED) VALUES ('312', '2020-07-23 10:30:00', '2020-07-23 16:00:00', 'user61', '2020-01-01 00:00:00', TRUE)
INSERT INTO task_task_category (TASK_TASK_ID, TASK_CATEGORY) VALUES ('312', 'DESIGN')

INSERT INTO task (TASK_ID, TASK_START, TASK_END, CREATE_USER_USERNAME, CREATE_DATE, ENABLED) VALUES ('313', '2020-07-24 14:30:00', '2020-07-24 18:00:00', 'user62', '2020-01-01 00:00:00', TRUE)
INSERT INTO task_task_category (TASK_TASK_ID, TASK_CATEGORY) VALUES ('313', 'DESIGN')

INSERT INTO task (TASK_ID, TASK_START, TASK_END, CREATE_USER_USERNAME, CREATE_DATE, ENABLED) VALUES ('314', '2020-07-25 9:30:00', '2020-07-25 11:00:00', 'user63', '2020-01-01 00:00:00', TRUE)
INSERT INTO task_task_category (TASK_TASK_ID, TASK_CATEGORY) VALUES ('314', 'DESIGN')

INSERT INTO task (TASK_ID, TASK_START, TASK_END, CREATE_USER_USERNAME, CREATE_DATE, ENABLED) VALUES ('315', '2020-07-26 09:00:00', '2020-07-26 12:00:00', 'user64', '2020-01-01 00:00:00', TRUE)
INSERT INTO task_task_category (TASK_TASK_ID, TASK_CATEGORY) VALUES ('315', 'DESIGN')


INSERT INTO task (TASK_ID, TASK_START, TASK_END, CREATE_USER_USERNAME, CREATE_DATE, ENABLED) VALUES ('316', '2020-07-26 10:30:00', '2020-07-26 16:00:00', 'user61', '2020-01-01 00:00:00', TRUE)
INSERT INTO task_task_category (TASK_TASK_ID, TASK_CATEGORY) VALUES ('316', 'IMPLEMENTATION')

INSERT INTO task (TASK_ID, TASK_START, TASK_END, CREATE_USER_USERNAME, CREATE_DATE, ENABLED) VALUES ('317', '2020-07-25 12:30:00', '2020-07-25 19:00:00', 'user62', '2020-01-01 00:00:00', TRUE)
INSERT INTO task_task_category (TASK_TASK_ID, TASK_CATEGORY) VALUES ('317', 'IMPLEMENTATION')

INSERT INTO task (TASK_ID, TASK_START, TASK_END, CREATE_USER_USERNAME, CREATE_DATE, ENABLED) VALUES ('318', '2020-07-24 9:30:00', '2020-07-24 11:00:00', 'user63', '2020-01-01 00:00:00', TRUE)
INSERT INTO task_task_category (TASK_TASK_ID, TASK_CATEGORY) VALUES ('318', 'IMPLEMENTATION')

INSERT INTO task (TASK_ID, TASK_START, TASK_END, CREATE_USER_USERNAME, CREATE_DATE, ENABLED) VALUES ('319', '2020-07-23 09:00:00', '2020-07-23 12:00:00', 'user64', '2020-01-01 00:00:00', TRUE)
INSERT INTO task_task_category (TASK_TASK_ID, TASK_CATEGORY) VALUES ('319', 'IMPLEMENTATION')


INSERT INTO task (TASK_ID, TASK_START, TASK_END, CREATE_USER_USERNAME, CREATE_DATE, ENABLED) VALUES ('320', '2020-06-29 15:00:00', '2020-06-29 18:30:00', 'user61', '2020-01-01 00:00:00', TRUE)
INSERT INTO task_task_category (TASK_TASK_ID, TASK_CATEGORY) VALUES ('320', 'CUSTOMER_MEETING')

INSERT INTO task (TASK_ID, TASK_START, TASK_END, CREATE_USER_USERNAME, CREATE_DATE, ENABLED) VALUES ('321', '2020-06-30 08:00:00', '2020-06-30 11:30:00', 'user62', '2020-01-01 00:00:00', TRUE)
INSERT INTO task_task_category (TASK_TASK_ID, TASK_CATEGORY) VALUES ('321', 'CUSTOMER_MEETING')

INSERT INTO task (TASK_ID, TASK_START, TASK_END, CREATE_USER_USERNAME, CREATE_DATE, ENABLED) VALUES ('322', '2020-07-01 08:00:00', '2020-07-01 09:30:00', 'user63', '2020-01-01 00:00:00', TRUE)
INSERT INTO task_task_category (TASK_TASK_ID, TASK_CATEGORY) VALUES ('322', 'CUSTOMER_MEETING')

INSERT INTO task (TASK_ID, TASK_START, TASK_END, CREATE_USER_USERNAME, CREATE_DATE, ENABLED) VALUES ('323', '2020-07-03 09:00:00', '2020-07-03 09:30:00', 'user64', '2020-01-01 00:00:00', TRUE)
INSERT INTO task_task_category (TASK_TASK_ID, TASK_CATEGORY) VALUES ('323', 'CUSTOMER_MEETING')



INSERT INTO task (TASK_ID, TASK_START, TASK_END, CREATE_USER_USERNAME, CREATE_DATE, ENABLED) VALUES ('324', '2020-06-29 10:30:00', '2020-06-29 12:00:00', 'user61', '2020-01-01 00:00:00', TRUE)
INSERT INTO task_task_category (TASK_TASK_ID, TASK_CATEGORY) VALUES ('324', 'ERROR_ANALYSIS')

INSERT INTO task (TASK_ID, TASK_START, TASK_END, CREATE_USER_USERNAME, CREATE_DATE, ENABLED) VALUES ('325', '2020-06-30 11:30:00', '2020-06-30 12:00:00', 'user62', '2020-01-01 00:00:00', TRUE)
INSERT INTO task_task_category (TASK_TASK_ID, TASK_CATEGORY) VALUES ('325', 'ERROR_ANALYSIS')

INSERT INTO task (TASK_ID, TASK_START, TASK_END, CREATE_USER_USERNAME, CREATE_DATE, ENABLED) VALUES ('326', '2020-07-01 9:30:00', '2020-07-01 11:00:00', 'user63', '2020-01-01 00:00:00', TRUE)
INSERT INTO task_task_category (TASK_TASK_ID, TASK_CATEGORY) VALUES ('326', 'ERROR_ANALYSIS')

INSERT INTO task (TASK_ID, TASK_START, TASK_END, CREATE_USER_USERNAME, CREATE_DATE, ENABLED) VALUES ('327', '2020-07-03 09:00:00', '2020-07-03 12:00:00', 'user64', '2020-01-01 00:00:00', TRUE)
INSERT INTO task_task_category (TASK_TASK_ID, TASK_CATEGORY) VALUES ('327', 'ERROR_ANALYSIS')


INSERT INTO task (TASK_ID, TASK_START, TASK_END, CREATE_USER_USERNAME, CREATE_DATE, ENABLED) VALUES ('328', '2020-06-30 10:30:00', '2020-06-30 12:00:00', 'user61', '2020-01-01 00:00:00', TRUE)
INSERT INTO task_task_category (TASK_TASK_ID, TASK_CATEGORY) VALUES ('328', 'TESTING')

INSERT INTO task (TASK_ID, TASK_START, TASK_END, CREATE_USER_USERNAME, CREATE_DATE, ENABLED) VALUES ('329', '2020-07-01 14:30:00', '2020-07-01 18:00:00', 'user62', '2020-01-01 00:00:00', TRUE)
INSERT INTO task_task_category (TASK_TASK_ID, TASK_CATEGORY) VALUES ('329', 'TESTING')

INSERT INTO task (TASK_ID, TASK_START, TASK_END, CREATE_USER_USERNAME, CREATE_DATE, ENABLED) VALUES ('330', '2020-07-02 9:30:00', '2020-07-02 11:00:00', 'user63', '2020-01-01 00:00:00', TRUE)
INSERT INTO task_task_category (TASK_TASK_ID, TASK_CATEGORY) VALUES ('330', 'TESTING')

INSERT INTO task (TASK_ID, TASK_START, TASK_END, CREATE_USER_USERNAME, CREATE_DATE, ENABLED) VALUES ('331', '2020-07-03 8:00:00', '2020-07-03 14:00:00', 'user64', '2020-01-01 00:00:00', TRUE)
INSERT INTO task_task_category (TASK_TASK_ID, TASK_CATEGORY) VALUES ('331', 'TESTING')



INSERT INTO task (TASK_ID, TASK_START, TASK_END, CREATE_USER_USERNAME, CREATE_DATE, ENABLED) VALUES ('332', '2020-06-30 10:30:00', '2020-06-30 16:00:00', 'user61', '2020-01-01 00:00:00', TRUE)
INSERT INTO task_task_category (TASK_TASK_ID, TASK_CATEGORY) VALUES ('332', 'DESIGN')

INSERT INTO task (TASK_ID, TASK_START, TASK_END, CREATE_USER_USERNAME, CREATE_DATE, ENABLED) VALUES ('333', '2020-07-01 14:30:00', '2020-07-01 18:00:00', 'user62', '2020-01-01 00:00:00', TRUE)
INSERT INTO task_task_category (TASK_TASK_ID, TASK_CATEGORY) VALUES ('333', 'DESIGN')

INSERT INTO task (TASK_ID, TASK_START, TASK_END, CREATE_USER_USERNAME, CREATE_DATE, ENABLED) VALUES ('334', '2020-07-02 9:30:00', '2020-07-02 11:00:00', 'user63', '2020-01-01 00:00:00', TRUE)
INSERT INTO task_task_category (TASK_TASK_ID, TASK_CATEGORY) VALUES ('334', 'DESIGN')

INSERT INTO task (TASK_ID, TASK_START, TASK_END, CREATE_USER_USERNAME, CREATE_DATE, ENABLED) VALUES ('335', '2020-07-03 09:00:00', '2020-07-03 12:00:00', 'user64', '2020-01-01 00:00:00', TRUE)
INSERT INTO task_task_category (TASK_TASK_ID, TASK_CATEGORY) VALUES ('335', 'DESIGN')


INSERT INTO task (TASK_ID, TASK_START, TASK_END, CREATE_USER_USERNAME, CREATE_DATE, ENABLED) VALUES ('336', '2020-06-29 10:30:00', '2020-06-29 16:00:00', 'user61', '2020-01-01 00:00:00', TRUE)
INSERT INTO task_task_category (TASK_TASK_ID, TASK_CATEGORY) VALUES ('336', 'IMPLEMENTATION')

INSERT INTO task (TASK_ID, TASK_START, TASK_END, CREATE_USER_USERNAME, CREATE_DATE, ENABLED) VALUES ('337', '2020-06-30 12:30:00', '2020-06-30 19:00:00', 'user62', '2020-01-01 00:00:00', TRUE)
INSERT INTO task_task_category (TASK_TASK_ID, TASK_CATEGORY) VALUES ('337', 'IMPLEMENTATION')

INSERT INTO task (TASK_ID, TASK_START, TASK_END, CREATE_USER_USERNAME, CREATE_DATE, ENABLED) VALUES ('338', '2020-07-02 9:30:00', '2020-07-02 11:00:00', 'user63', '2020-01-01 00:00:00', TRUE)
INSERT INTO task_task_category (TASK_TASK_ID, TASK_CATEGORY) VALUES ('338', 'IMPLEMENTATION')

INSERT INTO task (TASK_ID, TASK_START, TASK_END, CREATE_USER_USERNAME, CREATE_DATE, ENABLED) VALUES ('339', '2020-07-01 09:00:00', '2020-07-01 12:00:00', 'user64', '2020-01-01 00:00:00', TRUE)
INSERT INTO task_task_category (TASK_TASK_ID, TASK_CATEGORY) VALUES ('339', 'IMPLEMENTATION')